{
  "id": 10490,
  "name": "Undead twigs",
  "examine": "Were they trying to escape just then?",
  "resizeX": 128,
  "resizeY": 128,
  "resizeZ": 128,
  "xan2d": 567,
  "yan2d": 146,
  "zan2d": 97,
  "cost": 1,
  "isTradeable": false,
  "stackable": 0,
  "inventoryModel": 20443,
  "wearPos1": -1,
  "wearPos2": -1,
  "wearPos3": -1,
  "members": true,
  "zoom2d": 2151,
  "xOffset2d": 3,
  "yOffset2d": -30,
  "ambient": 0,
  "contrast": 0,
  "options": [
    null,
    null,
    "Take",
    null,
    null
  ],
  "interfaceOptions": [
    null,
    null,
    null,
    null,
    "Destroy"
  ],
  "maleModel0": -1,
  "maleModel1": -1,
  "maleModel2": -1,
  "maleOffset": 0,
  "maleHeadModel": -1,
  "maleHeadModel2": -1,
  "femaleModel0": -1,
  "femaleModel1": -1,
  "femaleModel2": -1,
  "femaleOffset": 0,
  "femaleHeadModel": -1,
  "femaleHeadModel2": -1,
  "category": 0,
  "notedID": -1,
  "notedTemplate": -1,
  "team": 0,
  "weight": 453,
  "shiftClickDropIndex": -2,
  "boughtId": -1,
  "boughtTemplateId": -1,
  "placeholderId": 17101,
  "placeholderTemplateId": -1
}