{
  "id": 11286,
  "name": "Draconic visage",
  "examine": "It looks like this could be attached to a shield somehow.",
  "resizeX": 128,
  "resizeY": 128,
  "resizeZ": 128,
  "xan2d": 567,
  "yan2d": 152,
  "zan2d": 2047,
  "cost": 750000,
  "isTradeable": true,
  "stackable": 0,
  "inventoryModel": 26456,
  "wearPos1": -1,
  "wearPos2": -1,
  "wearPos3": -1,
  "members": true,
  "zoom2d": 1697,
  "xOffset2d": -5,
  "yOffset2d": -5,
  "ambient": 0,
  "contrast": 0,
  "options": [
    null,
    null,
    "Take",
    null,
    null
  ],
  "interfaceOptions": [
    null,
    null,
    null,
    null,
    "Drop"
  ],
  "maleModel0": -1,
  "maleModel1": -1,
  "maleModel2": -1,
  "maleOffset": 0,
  "maleHeadModel": -1,
  "maleHeadModel2": -1,
  "femaleModel0": -1,
  "femaleModel1": -1,
  "femaleModel2": -1,
  "femaleOffset": 0,
  "femaleHeadModel": -1,
  "femaleHeadModel2": -1,
  "category": 0,
  "notedID": 11287,
  "notedTemplate": -1,
  "team": 0,
  "weight": 1814,
  "shiftClickDropIndex": -2,
  "boughtId": -1,
  "boughtTemplateId": -1,
  "placeholderId": 16834,
  "placeholderTemplateId": -1
}