{
  "id": 11324,
  "name": "Roe",
  "examine": "Roe, or cheap fishy eggs.",
  "resizeX": 128,
  "resizeY": 128,
  "resizeZ": 128,
  "xan2d": 318,
  "yan2d": 2024,
  "zan2d": 0,
  "cost": 20,
  "isTradeable": true,
  "stackable": 0,
  "inventoryModel": 26666,
  "wearPos1": -1,
  "wearPos2": -1,
  "wearPos3": -1,
  "members": true,
  "zoom2d": 530,
  "xOffset2d": 1,
  "yOffset2d": 15,
  "ambient": 0,
  "contrast": 0,
  "options": [
    null,
    null,
    "Take",
    null,
    null
  ],
  "interfaceOptions": [
    "Eat",
    null,
    null,
    null,
    "Drop"
  ],
  "maleModel0": -1,
  "maleModel1": -1,
  "maleModel2": -1,
  "maleOffset": 0,
  "maleHeadModel": -1,
  "maleHeadModel2": -1,
  "femaleModel0": -1,
  "femaleModel1": -1,
  "femaleModel2": -1,
  "femaleOffset": 0,
  "femaleHeadModel": -1,
  "femaleHeadModel2": -1,
  "category": 58,
  "notedID": 11325,
  "notedTemplate": -1,
  "team": 0,
  "weight": 50,
  "shiftClickDropIndex": -2,
  "boughtId": -1,
  "boughtTemplateId": -1,
  "placeholderId": 15489,
  "placeholderTemplateId": -1
}