{
  "id": 11732,
  "name": "Overload (2)",
  "examine": "2 doses of overload potion.",
  "resizeX": 128,
  "resizeY": 128,
  "resizeZ": 128,
  "xan2d": 84,
  "yan2d": 1996,
  "zan2d": 0,
  "cost": 165,
  "isTradeable": false,
  "stackable": 0,
  "inventoryModel": 2384,
  "wearPos1": -1,
  "wearPos2": -1,
  "wearPos3": -1,
  "members": true,
  "colorFind": [
    61
  ],
  "colorReplace": [
    0
  ],
  "zoom2d": 550,
  "xOffset2d": 0,
  "yOffset2d": -1,
  "ambient": 0,
  "contrast": 0,
  "options": [
    null,
    null,
    "Take",
    null,
    null
  ],
  "interfaceOptions": [
    "Drink",
    null,
    null,
    null,
    "Drop"
  ],
  "maleModel0": -1,
  "maleModel1": -1,
  "maleModel2": -1,
  "maleOffset": 0,
  "maleHeadModel": -1,
  "maleHeadModel2": -1,
  "femaleModel0": -1,
  "femaleModel1": -1,
  "femaleModel2": -1,
  "femaleOffset": 0,
  "femaleHeadModel": -1,
  "femaleHeadModel2": -1,
  "category": 546,
  "notedID": -1,
  "notedTemplate": -1,
  "team": 0,
  "weight": 25,
  "shiftClickDropIndex": -2,
  "boughtId": -1,
  "boughtTemplateId": -1,
  "placeholderId": 19436,
  "placeholderTemplateId": -1
}