{
  "id": 11828,
  "name": "Armadyl chestplate",
  "examine": "Armour of great craftsmanship.",
  "resizeX": 128,
  "resizeY": 128,
  "resizeZ": 128,
  "xan2d": 453,
  "yan2d": 0,
  "zan2d": 0,
  "cost": 290000,
  "isTradeable": true,
  "stackable": 0,
  "inventoryModel": 28039,
  "wearPos1": 4,
  "wearPos2": 6,
  "wearPos3": -1,
  "members": true,
  "zoom2d": 854,
  "xOffset2d": 1,
  "yOffset2d": -5,
  "ambient": 0,
  "contrast": 0,
  "options": [
    null,
    null,
    "Take",
    null,
    null
  ],
  "interfaceOptions": [
    null,
    "Wear",
    null,
    null,
    "Drop"
  ],
  "maleModel0": 27633,
  "maleModel1": 27629,
  "maleModel2": -1,
  "maleOffset": 0,
  "maleHeadModel": -1,
  "maleHeadModel2": -1,
  "femaleModel0": 27645,
  "femaleModel1": 28828,
  "femaleModel2": -1,
  "femaleOffset": 0,
  "femaleHeadModel": -1,
  "femaleHeadModel2": -1,
  "category": 7,
  "notedID": 11829,
  "notedTemplate": -1,
  "team": 0,
  "weight": 4000,
  "shiftClickDropIndex": -2,
  "boughtId": -1,
  "boughtTemplateId": -1,
  "placeholderId": 18353,
  "placeholderTemplateId": -1,
  "params": {
    "0": -7,
    "1": -7,
    "2": -7,
    "3": -15,
    "4": 33,
    "5": 56,
    "6": 48,
    "7": 61,
    "8": 70,
    "9": 57,
    "11": 1,
    "434": 4,
    "435": 1,
    "436": 70,
    "437": 70,
    "1564": 4
  }
}