{
  "id": 11826,
  "name": "Armadyl helmet",
  "examine": "A helmet of great craftsmanship.",
  "resizeX": 128,
  "resizeY": 128,
  "resizeZ": 128,
  "xan2d": 66,
  "yan2d": 372,
  "zan2d": 0,
  "cost": 289000,
  "isTradeable": true,
  "stackable": 0,
  "inventoryModel": 28043,
  "wearPos1": 0,
  "wearPos2": 8,
  "wearPos3": -1,
  "members": true,
  "zoom2d": 789,
  "xOffset2d": 9,
  "yOffset2d": 0,
  "ambient": 0,
  "contrast": 0,
  "options": [
    null,
    null,
    "Take",
    null,
    null
  ],
  "interfaceOptions": [
    null,
    "Wear",
    null,
    null,
    "Drop"
  ],
  "maleModel0": 19821,
  "maleModel1": -1,
  "maleModel2": -1,
  "maleOffset": 0,
  "maleHeadModel": 27699,
  "maleHeadModel2": -1,
  "femaleModel0": 54249,
  "femaleModel1": -1,
  "femaleModel2": -1,
  "femaleOffset": 0,
  "femaleHeadModel": 27700,
  "femaleHeadModel2": -1,
  "category": 2,
  "notedID": 11827,
  "notedTemplate": -1,
  "team": 0,
  "weight": 500,
  "shiftClickDropIndex": -2,
  "boughtId": -1,
  "boughtTemplateId": -1,
  "placeholderId": 18352,
  "placeholderTemplateId": -1,
  "params": {
    "0": -5,
    "1": -5,
    "2": -5,
    "3": -5,
    "4": 10,
    "5": 6,
    "6": 8,
    "7": 10,
    "8": 10,
    "9": 8,
    "11": 1,
    "434": 4,
    "435": 1,
    "436": 70,
    "437": 70,
    "1564": 0
  }
}