{
  "id": 11874,
  "name": "Broad arrowheads",
  "examine": "Arrowheads with broad tips.",
  "resizeX": 128,
  "resizeY": 128,
  "resizeZ": 128,
  "xan2d": 300,
  "yan2d": 128,
  "zan2d": 0,
  "cost": 55,
  "isTradeable": true,
  "stackable": 1,
  "inventoryModel": 16273,
  "wearPos1": -1,
  "wearPos2": -1,
  "wearPos3": -1,
  "members": true,
  "zoom2d": 1330,
  "xOffset2d": 6,
  "yOffset2d": 30,
  "ambient": 0,
  "contrast": 0,
  "countCo": [
    2,
    3,
    4,
    5,
    0,
    0,
    0,
    0,
    0,
    0
  ],
  "countObj": [
    4449,
    4451,
    4453,
    4455,
    0,
    0,
    0,
    0,
    0,
    0
  ],
  "options": [
    null,
    null,
    "Take",
    null,
    null
  ],
  "interfaceOptions": [
    null,
    null,
    null,
    null,
    "Drop"
  ],
  "maleModel0": -1,
  "maleModel1": -1,
  "maleModel2": -1,
  "maleOffset": 0,
  "maleHeadModel": -1,
  "maleHeadModel2": -1,
  "femaleModel0": -1,
  "femaleModel1": -1,
  "femaleModel2": -1,
  "femaleOffset": 0,
  "femaleHeadModel": -1,
  "femaleHeadModel2": -1,
  "category": 968,
  "notedID": -1,
  "notedTemplate": -1,
  "team": 0,
  "weight": 0,
  "shiftClickDropIndex": -2,
  "boughtId": -1,
  "boughtTemplateId": -1,
  "placeholderId": 14009,
  "placeholderTemplateId": -1
}