{
  "id": 1193,
  "name": "Steel kiteshield",
  "examine": "A large metal shield.",
  "resizeX": 128,
  "resizeY": 128,
  "resizeZ": 128,
  "xan2d": 344,
  "yan2d": 1104,
  "zan2d": 0,
  "cost": 850,
  "isTradeable": true,
  "stackable": 0,
  "inventoryModel": 2339,
  "wearPos1": 5,
  "wearPos2": -1,
  "wearPos3": -1,
  "members": false,
  "colorFind": [
    57
  ],
  "colorReplace": [
    7054
  ],
  "zoom2d": 1560,
  "xOffset2d": -6,
  "yOffset2d": -14,
  "ambient": 0,
  "contrast": 0,
  "options": [
    null,
    null,
    "Take",
    null,
    null
  ],
  "interfaceOptions": [
    null,
    "Wear",
    null,
    null,
    "Drop"
  ],
  "maleModel0": 486,
  "maleModel1": -1,
  "maleModel2": -1,
  "maleOffset": 0,
  "maleHeadModel": -1,
  "maleHeadModel2": -1,
  "femaleModel0": 486,
  "femaleModel1": -1,
  "femaleModel2": -1,
  "femaleOffset": 6,
  "femaleHeadModel": -1,
  "femaleHeadModel2": -1,
  "category": 18,
  "notedID": 1194,
  "notedTemplate": -1,
  "team": 0,
  "weight": 5443,
  "shiftClickDropIndex": -2,
  "boughtId": -1,
  "boughtTemplateId": -1,
  "placeholderId": 14125,
  "placeholderTemplateId": -1,
  "params": {
    "0": 0,
    "1": 0,
    "2": 0,
    "3": -8,
    "4": -3,
    "5": 13,
    "6": 15,
    "7": 14,
    "8": -1,
    "9": 14,
    "11": 0
  }
}