{
  "id": 11978,
  "name": "Amulet of glory(6)",
  "examine": "A dragonstone amulet with 6 magic charges.",
  "resizeX": 128,
  "resizeY": 128,
  "resizeZ": 128,
  "xan2d": 424,
  "yan2d": 68,
  "zan2d": 0,
  "cost": 17625,
  "isTradeable": true,
  "stackable": 0,
  "inventoryModel": 2796,
  "wearPos1": 2,
  "wearPos2": -1,
  "wearPos3": -1,
  "members": true,
  "colorFind": [
    127,
    5916,
    4882
  ],
  "colorReplace": [
    -14425,
    127,
    127
  ],
  "zoom2d": 620,
  "xOffset2d": 1,
  "yOffset2d": 16,
  "ambient": 0,
  "contrast": 0,
  "options": [
    null,
    null,
    "Take",
    null,
    null
  ],
  "subops": [
    null,
    null,
    null,
    [
      "Edgeville",
      "Karamja",
      "Draynor Village",
      "Al Kharid",
      null,
      null,
      null,
      null,
      null,
      null,
      null,
      null,
      null,
      null,
      null,
      null,
      null,
      null,
      null,
      null
    ],
    null
  ],
  "interfaceOptions": [
    null,
    "Wear",
    null,
    "Rub",
    "Drop"
  ],
  "maleModel0": 290,
  "maleModel1": -1,
  "maleModel2": -1,
  "maleOffset": 0,
  "maleHeadModel": -1,
  "maleHeadModel2": -1,
  "femaleModel0": 454,
  "femaleModel1": -1,
  "femaleModel2": -1,
  "femaleOffset": 0,
  "femaleHeadModel": -1,
  "femaleHeadModel2": -1,
  "category": 557,
  "notedID": 11979,
  "notedTemplate": -1,
  "team": 0,
  "weight": 10,
  "shiftClickDropIndex": -2,
  "boughtId": -1,
  "boughtTemplateId": -1,
  "placeholderId": 21454,
  "placeholderTemplateId": -1,
  "params": {
    "0": 10,
    "1": 10,
    "258": 6,
    "2": 10,
    "3": 10,
    "451": "Edgeville",
    "4": 10,
    "452": "Karamja",
    "5": 3,
    "453": "Draynor Village",
    "6": 3,
    "454": "Al Kharid",
    "7": 3,
    "8": 3,
    "9": 3,
    "10": 6,
    "11": 3,
    "1564": 2
  }
}