{
  "id": 12138,
  "name": "Clue scroll (elite)",
  "examine": "A clue suggested by Tommyw70!",
  "resizeX": 128,
  "resizeY": 128,
  "resizeZ": 128,
  "xan2d": 360,
  "yan2d": 672,
  "zan2d": 0,
  "cost": 20,
  "isTradeable": false,
  "stackable": 0,
  "inventoryModel": 37167,
  "wearPos1": -1,
  "wearPos2": -1,
  "wearPos3": -1,
  "members": true,
  "zoom2d": 1010,
  "xOffset2d": 1,
  "yOffset2d": 0,
  "ambient": 0,
  "contrast": 0,
  "options": [
    null,
    null,
    "Take",
    null,
    null
  ],
  "interfaceOptions": [
    "Read",
    "Check steps",
    null,
    null,
    "Drop"
  ],
  "maleModel0": -1,
  "maleModel1": -1,
  "maleModel2": -1,
  "maleOffset": 0,
  "maleHeadModel": -1,
  "maleHeadModel2": -1,
  "femaleModel0": -1,
  "femaleModel1": -1,
  "femaleModel2": -1,
  "femaleOffset": 0,
  "femaleHeadModel": -1,
  "femaleHeadModel2": -1,
  "category": 750,
  "notedID": -1,
  "notedTemplate": -1,
  "team": 0,
  "weight": 20,
  "shiftClickDropIndex": -2,
  "boughtId": -1,
  "boughtTemplateId": -1,
  "placeholderId": -1,
  "placeholderTemplateId": -1,
  "params": {
    "350": 1,
    "623": 1573
  }
}