{
  "id": 12406,
  "name": "Mort\u0027ton teleport",
  "examine": "Teleports you to Mort\u0027ton.",
  "resizeX": 128,
  "resizeY": 128,
  "resizeZ": 128,
  "xan2d": 566,
  "yan2d": 0,
  "zan2d": 0,
  "cost": 10,
  "isTradeable": true,
  "stackable": 1,
  "inventoryModel": 28736,
  "wearPos1": -1,
  "wearPos2": -1,
  "wearPos3": -1,
  "members": true,
  "zoom2d": 842,
  "xOffset2d": 1,
  "yOffset2d": 0,
  "ambient": 0,
  "contrast": 0,
  "options": [
    null,
    null,
    "Take",
    null,
    null
  ],
  "interfaceOptions": [
    "Teleport",
    null,
    null,
    null,
    "Drop"
  ],
  "maleModel0": -1,
  "maleModel1": -1,
  "maleModel2": -1,
  "maleOffset": 0,
  "maleHeadModel": -1,
  "maleHeadModel2": -1,
  "femaleModel0": -1,
  "femaleModel1": -1,
  "femaleModel2": -1,
  "femaleOffset": 0,
  "femaleHeadModel": -1,
  "femaleHeadModel2": -1,
  "category": 1138,
  "notedID": -1,
  "notedTemplate": -1,
  "team": 0,
  "weight": 0,
  "shiftClickDropIndex": -2,
  "boughtId": -1,
  "boughtTemplateId": -1,
  "placeholderId": 15943,
  "placeholderTemplateId": -1
}