{
  "id": 12445,
  "name": "Black skirt (g)",
  "examine": "Leg covering favoured by women and wizards. With a colourful trim!",
  "resizeX": 128,
  "resizeY": 128,
  "resizeZ": 128,
  "xan2d": 572,
  "yan2d": 0,
  "zan2d": 0,
  "cost": 2,
  "isTradeable": true,
  "stackable": 0,
  "inventoryModel": 11395,
  "wearPos1": 7,
  "wearPos2": -1,
  "wearPos3": -1,
  "members": false,
  "colorFind": [
    25238,
    24
  ],
  "colorReplace": [
    0,
    7114
  ],
  "zoom2d": 1940,
  "xOffset2d": 0,
  "yOffset2d": 1,
  "ambient": 0,
  "contrast": 0,
  "options": [
    null,
    null,
    "Take",
    null,
    null
  ],
  "interfaceOptions": [
    null,
    "Wear",
    null,
    null,
    "Drop"
  ],
  "maleModel0": 10982,
  "maleModel1": -1,
  "maleModel2": -1,
  "maleOffset": 0,
  "maleHeadModel": -1,
  "maleHeadModel2": -1,
  "femaleModel0": 11357,
  "femaleModel1": -1,
  "femaleModel2": -1,
  "femaleOffset": 0,
  "femaleHeadModel": -1,
  "femaleHeadModel2": -1,
  "category": 0,
  "notedID": 12446,
  "notedTemplate": -1,
  "team": 0,
  "weight": 907,
  "shiftClickDropIndex": -2,
  "boughtId": -1,
  "boughtTemplateId": -1,
  "placeholderId": 15971,
  "placeholderTemplateId": -1
}