{
  "id": 12451,
  "name": "Black wizard robe (t)",
  "examine": "I can do magic better in this.",
  "resizeX": 128,
  "resizeY": 128,
  "resizeZ": 128,
  "xan2d": 536,
  "yan2d": 0,
  "zan2d": 0,
  "cost": 15,
  "isTradeable": true,
  "stackable": 0,
  "inventoryModel": 11396,
  "wearPos1": 4,
  "wearPos2": 6,
  "wearPos3": -1,
  "members": false,
  "colorFind": [
    8741,
    24
  ],
  "colorReplace": [
    0,
    103
  ],
  "zoom2d": 1370,
  "xOffset2d": 0,
  "yOffset2d": 7,
  "ambient": 0,
  "contrast": 0,
  "options": [
    null,
    null,
    "Take",
    null,
    null
  ],
  "interfaceOptions": [
    null,
    "Wear",
    null,
    null,
    "Drop"
  ],
  "maleModel0": 10979,
  "maleModel1": 10984,
  "maleModel2": -1,
  "maleOffset": 0,
  "maleHeadModel": -1,
  "maleHeadModel2": -1,
  "femaleModel0": 11348,
  "femaleModel1": 11359,
  "femaleModel2": -1,
  "femaleOffset": 0,
  "femaleHeadModel": -1,
  "femaleHeadModel2": -1,
  "category": 0,
  "notedID": 12452,
  "notedTemplate": -1,
  "team": 0,
  "weight": 907,
  "shiftClickDropIndex": -2,
  "boughtId": -1,
  "boughtTemplateId": -1,
  "placeholderId": 15974,
  "placeholderTemplateId": -1,
  "params": {
    "0": 0,
    "1": 0,
    "2": 0,
    "3": 3,
    "4": 0,
    "5": 0,
    "6": 0,
    "7": 0,
    "8": 3,
    "9": 0,
    "10": 0,
    "11": 0,
    "13": 0,
    "14": 0
  }
}