{
  "id": 12498,
  "name": "Bandos bracers",
  "examine": "Bandos blessed dragonhide vambraces.",
  "resizeX": 128,
  "resizeY": 128,
  "resizeZ": 128,
  "xan2d": 196,
  "yan2d": 1784,
  "zan2d": 0,
  "cost": 4000,
  "isTradeable": true,
  "stackable": 0,
  "inventoryModel": 20264,
  "wearPos1": 9,
  "wearPos2": -1,
  "wearPos3": -1,
  "members": true,
  "colorFind": [
    22156,
    912,
    22408
  ],
  "colorReplace": [
    6323,
    6352,
    6352
  ],
  "zoom2d": 740,
  "xOffset2d": 7,
  "yOffset2d": -33,
  "ambient": 0,
  "contrast": 0,
  "options": [
    null,
    null,
    "Take",
    null,
    null
  ],
  "interfaceOptions": [
    null,
    "Wear",
    null,
    null,
    "Drop"
  ],
  "maleModel0": 20129,
  "maleModel1": -1,
  "maleModel2": -1,
  "maleOffset": 0,
  "maleHeadModel": -1,
  "maleHeadModel2": -1,
  "femaleModel0": 20180,
  "femaleModel1": -1,
  "femaleModel2": -1,
  "femaleOffset": 0,
  "femaleHeadModel": -1,
  "femaleHeadModel2": -1,
  "category": 16,
  "notedID": 12499,
  "notedTemplate": -1,
  "team": 0,
  "weight": 1000,
  "shiftClickDropIndex": -2,
  "boughtId": -1,
  "boughtTemplateId": -1,
  "placeholderId": 15984,
  "placeholderTemplateId": -1,
  "params": {
    "0": 0,
    "1": 0,
    "2": 0,
    "3": -10,
    "4": 11,
    "5": 6,
    "6": 5,
    "7": 7,
    "8": 8,
    "9": 0,
    "10": 0,
    "11": 1,
    "13": 0,
    "14": 0
  }
}