{
  "id": 12960,
  "name": "Bronze set (lg)",
  "examine": "A set containing a full helm, platebody, legs and kiteshield.",
  "resizeX": 128,
  "resizeY": 128,
  "resizeZ": 128,
  "xan2d": 0,
  "yan2d": 0,
  "zan2d": 0,
  "cost": 200,
  "isTradeable": true,
  "stackable": 0,
  "inventoryModel": 28193,
  "wearPos1": -1,
  "wearPos2": -1,
  "wearPos3": -1,
  "members": false,
  "colorFind": [
    61,
    41,
    20
  ],
  "colorReplace": [
    5652,
    7050,
    7050
  ],
  "zoom2d": 1762,
  "xOffset2d": 0,
  "yOffset2d": 0,
  "ambient": 0,
  "contrast": 0,
  "options": [
    null,
    null,
    "Take",
    null,
    null
  ],
  "interfaceOptions": [
    null,
    null,
    null,
    null,
    "Drop"
  ],
  "maleModel0": -1,
  "maleModel1": -1,
  "maleModel2": -1,
  "maleOffset": 0,
  "maleHeadModel": -1,
  "maleHeadModel2": -1,
  "femaleModel0": -1,
  "femaleModel1": -1,
  "femaleModel2": -1,
  "femaleOffset": 0,
  "femaleHeadModel": -1,
  "femaleHeadModel2": -1,
  "category": 1590,
  "notedID": 12961,
  "notedTemplate": -1,
  "team": 0,
  "weight": 6000,
  "shiftClickDropIndex": -2,
  "boughtId": -1,
  "boughtTemplateId": -1,
  "placeholderId": 13910,
  "placeholderTemplateId": -1
}