{
  "id": 13083,
  "name": "Crystal halberd 8/10 (i)",
  "examine": "A nice sturdy pike.",
  "resizeX": 128,
  "resizeY": 128,
  "resizeZ": 128,
  "xan2d": 1468,
  "yan2d": 1818,
  "zan2d": 1185,
  "cost": 1,
  "isTradeable": false,
  "stackable": 0,
  "inventoryModel": 29158,
  "wearPos1": 3,
  "wearPos2": 5,
  "wearPos3": -1,
  "members": false,
  "zoom2d": 3368,
  "xOffset2d": -11,
  "yOffset2d": 20,
  "ambient": 0,
  "contrast": 0,
  "options": [
    null,
    null,
    "Take",
    null,
    null
  ],
  "interfaceOptions": [
    "Wield",
    null,
    null,
    null,
    "Drop"
  ],
  "maleModel0": 4033,
  "maleModel1": -1,
  "maleModel2": -1,
  "maleOffset": 0,
  "maleHeadModel": -1,
  "maleHeadModel2": -1,
  "femaleModel0": 4033,
  "femaleModel1": -1,
  "femaleModel2": -1,
  "femaleOffset": 6,
  "femaleHeadModel": -1,
  "femaleHeadModel2": -1,
  "category": 15,
  "notedID": -1,
  "notedTemplate": -1,
  "team": 0,
  "weight": 1814,
  "shiftClickDropIndex": -2,
  "boughtId": -1,
  "boughtTemplateId": -1,
  "placeholderId": -1,
  "placeholderTemplateId": -1,
  "params": {
    "701": 1,
    "23": 70
  }
}