{
  "id": 13610,
  "name": "Graceful legs",
  "examine": "You have graceful legs. How nice.",
  "resizeX": 128,
  "resizeY": 128,
  "resizeZ": 128,
  "xan2d": 525,
  "yan2d": 171,
  "zan2d": 0,
  "cost": 60,
  "isTradeable": false,
  "stackable": 0,
  "inventoryModel": 31021,
  "wearPos1": 7,
  "wearPos2": -1,
  "wearPos3": -1,
  "members": true,
  "colorFind": [
    123,
    70
  ],
  "colorReplace": [
    7093,
    7079
  ],
  "zoom2d": 1744,
  "xOffset2d": 10,
  "yOffset2d": 10,
  "ambient": 0,
  "contrast": 0,
  "options": [
    null,
    null,
    "Take",
    null,
    null
  ],
  "interfaceOptions": [
    null,
    "Wear",
    null,
    null,
    "Drop"
  ],
  "maleModel0": 31007,
  "maleModel1": -1,
  "maleModel2": -1,
  "maleOffset": 0,
  "maleHeadModel": -1,
  "maleHeadModel2": -1,
  "femaleModel0": 31014,
  "femaleModel1": -1,
  "femaleModel2": -1,
  "femaleOffset": 0,
  "femaleHeadModel": -1,
  "femaleHeadModel2": -1,
  "category": 1429,
  "notedID": -1,
  "notedTemplate": -1,
  "team": 0,
  "weight": -6000,
  "shiftClickDropIndex": -2,
  "boughtId": -1,
  "boughtTemplateId": -1,
  "placeholderId": -1,
  "placeholderTemplateId": -1
}