{
  "id": 13615,
  "name": "Graceful hood",
  "examine": "A sign of your grace and loyalty.",
  "resizeX": 128,
  "resizeY": 128,
  "resizeZ": 128,
  "xan2d": 639,
  "yan2d": 24,
  "zan2d": 0,
  "cost": 35,
  "isTradeable": false,
  "stackable": 0,
  "inventoryModel": 31020,
  "wearPos1": 0,
  "wearPos2": 8,
  "wearPos3": 11,
  "members": true,
  "colorFind": [
    123,
    70
  ],
  "colorReplace": [
    687,
    -343
  ],
  "zoom2d": 848,
  "xOffset2d": 5,
  "yOffset2d": 0,
  "ambient": 0,
  "contrast": 0,
  "options": [
    null,
    null,
    "Take",
    null,
    null
  ],
  "interfaceOptions": [
    null,
    "Wear",
    null,
    null,
    "Drop"
  ],
  "maleModel0": 31004,
  "maleModel1": -1,
  "maleModel2": -1,
  "maleOffset": 0,
  "maleHeadModel": 31019,
  "maleHeadModel2": 63,
  "femaleModel0": 31011,
  "femaleModel1": -1,
  "femaleModel2": -1,
  "femaleOffset": 0,
  "femaleHeadModel": 31018,
  "femaleHeadModel2": 120,
  "category": 1429,
  "notedID": -1,
  "notedTemplate": -1,
  "team": 0,
  "weight": 600,
  "shiftClickDropIndex": -2,
  "boughtId": -1,
  "boughtTemplateId": -1,
  "placeholderId": 18501,
  "placeholderTemplateId": -1
}