{
  "id": 13637,
  "name": "Graceful boots",
  "examine": "For your graceful feet.",
  "resizeX": 128,
  "resizeY": 128,
  "resizeZ": 128,
  "xan2d": 78,
  "yan2d": 1781,
  "zan2d": 0,
  "cost": 40,
  "isTradeable": false,
  "stackable": 0,
  "inventoryModel": 31024,
  "wearPos1": 10,
  "wearPos2": -1,
  "wearPos3": -1,
  "members": true,
  "colorFind": [
    123,
    70
  ],
  "colorReplace": [
    21916,
    22036
  ],
  "zoom2d": 976,
  "xOffset2d": 3,
  "yOffset2d": 0,
  "ambient": 0,
  "contrast": 0,
  "options": [
    null,
    null,
    "Take",
    null,
    null
  ],
  "interfaceOptions": [
    null,
    "Wear",
    null,
    null,
    "Drop"
  ],
  "maleModel0": 31010,
  "maleModel1": -1,
  "maleModel2": -1,
  "maleOffset": 0,
  "maleHeadModel": -1,
  "maleHeadModel2": -1,
  "femaleModel0": 31017,
  "femaleModel1": -1,
  "femaleModel2": -1,
  "femaleOffset": 0,
  "femaleHeadModel": -1,
  "femaleHeadModel2": -1,
  "category": 1429,
  "notedID": -1,
  "notedTemplate": -1,
  "team": 0,
  "weight": 400,
  "shiftClickDropIndex": -2,
  "boughtId": -1,
  "boughtTemplateId": -1,
  "placeholderId": 18512,
  "placeholderTemplateId": -1
}