{
  "id": 1793,
  "name": "Woad leaf",
  "examine": "A slightly bluish leaf.",
  "resizeX": 128,
  "resizeY": 128,
  "resizeZ": 128,
  "xan2d": 432,
  "yan2d": 1604,
  "zan2d": 0,
  "cost": 1,
  "isTradeable": true,
  "stackable": 1,
  "inventoryModel": 7352,
  "wearPos1": -1,
  "wearPos2": -1,
  "wearPos3": -1,
  "members": false,
  "zoom2d": 580,
  "xOffset2d": 5,
  "yOffset2d": -3,
  "ambient": 0,
  "contrast": 0,
  "countCo": [
    2,
    3,
    4,
    5,
    0,
    0,
    0,
    0,
    0,
    0
  ],
  "countObj": [
    5276,
    5277,
    5278,
    5279,
    0,
    0,
    0,
    0,
    0,
    0
  ],
  "options": [
    null,
    null,
    "Take",
    null,
    null
  ],
  "interfaceOptions": [
    null,
    null,
    null,
    null,
    "Drop"
  ],
  "maleModel0": -1,
  "maleModel1": -1,
  "maleModel2": -1,
  "maleOffset": 0,
  "maleHeadModel": -1,
  "maleHeadModel2": -1,
  "femaleModel0": -1,
  "femaleModel1": -1,
  "femaleModel2": -1,
  "femaleOffset": 0,
  "femaleHeadModel": -1,
  "femaleHeadModel2": -1,
  "category": 0,
  "notedID": -1,
  "notedTemplate": -1,
  "team": 0,
  "weight": 0,
  "shiftClickDropIndex": -2,
  "boughtId": -1,
  "boughtTemplateId": -1,
  "placeholderId": 16304,
  "placeholderTemplateId": -1
}