{
  "id": 18581,
  "name": "Shayzien supply set (1)",
  "examine": "Supplies for the Shayzien soldiers.",
  "resizeX": 128,
  "resizeY": 128,
  "resizeZ": 128,
  "xan2d": 129,
  "yan2d": 189,
  "zan2d": 0,
  "cost": 55,
  "isTradeable": false,
  "stackable": 0,
  "inventoryModel": 28193,
  "wearPos1": -1,
  "wearPos2": -1,
  "wearPos3": -1,
  "members": true,
  "colorFind": [
    61,
    41,
    20
  ],
  "colorReplace": [
    0,
    0,
    920
  ],
  "zoom2d": 2484,
  "xOffset2d": 0,
  "yOffset2d": 0,
  "ambient": 0,
  "contrast": 0,
  "options": [
    null,
    null,
    "Take",
    null,
    null
  ],
  "interfaceOptions": [
    null,
    null,
    null,
    null,
    "Drop"
  ],
  "maleModel0": -1,
  "maleModel1": -1,
  "maleModel2": -1,
  "maleOffset": 0,
  "maleHeadModel": -1,
  "maleHeadModel2": -1,
  "femaleModel0": -1,
  "femaleModel1": -1,
  "femaleModel2": -1,
  "femaleOffset": 0,
  "femaleHeadModel": -1,
  "femaleHeadModel2": -1,
  "category": 15,
  "notedID": -1,
  "notedTemplate": -1,
  "team": 0,
  "weight": 6000,
  "shiftClickDropIndex": -2,
  "boughtId": -1,
  "boughtTemplateId": -1,
  "placeholderId": -1,
  "placeholderTemplateId": -1,
  "params": {
    "295": 1,
    "59": 1
  }
}