{
  "id": 1869,
  "name": "Chopped tomato",
  "examine": "A mixture of tomatoes in a bowl.",
  "resizeX": 128,
  "resizeY": 128,
  "resizeZ": 128,
  "xan2d": 156,
  "yan2d": 36,
  "zan2d": 0,
  "cost": 3,
  "isTradeable": true,
  "stackable": 0,
  "inventoryModel": 11094,
  "wearPos1": -1,
  "wearPos2": -1,
  "wearPos3": -1,
  "members": true,
  "zoom2d": 890,
  "xOffset2d": 0,
  "yOffset2d": 4,
  "ambient": 0,
  "contrast": 0,
  "options": [
    null,
    null,
    "Take",
    null,
    null
  ],
  "interfaceOptions": [
    "Eat",
    null,
    null,
    null,
    "Drop"
  ],
  "maleModel0": -1,
  "maleModel1": -1,
  "maleModel2": -1,
  "maleOffset": 0,
  "maleHeadModel": -1,
  "maleHeadModel2": -1,
  "femaleModel0": -1,
  "femaleModel1": -1,
  "femaleModel2": -1,
  "femaleOffset": 0,
  "femaleHeadModel": -1,
  "femaleHeadModel2": -1,
  "category": 86,
  "notedID": 1870,
  "notedTemplate": -1,
  "team": 0,
  "weight": 200,
  "shiftClickDropIndex": -2,
  "boughtId": -1,
  "boughtTemplateId": -1,
  "placeholderId": 19120,
  "placeholderTemplateId": -1
}