{
  "id": 19672,
  "name": "Redwood pyre logs",
  "examine": "Redwood logs prepared with sacred oil for a funeral pyre.",
  "resizeX": 128,
  "resizeY": 128,
  "resizeZ": 128,
  "xan2d": 120,
  "yan2d": 1852,
  "zan2d": 0,
  "cost": 895,
  "isTradeable": true,
  "stackable": 0,
  "inventoryModel": 7760,
  "wearPos1": -1,
  "wearPos2": -1,
  "wearPos3": -1,
  "members": true,
  "colorFind": [
    5665,
    5784,
    5559
  ],
  "colorReplace": [
    5012,
    2964,
    3753
  ],
  "zoom2d": 1180,
  "xOffset2d": 0,
  "yOffset2d": -7,
  "ambient": -10,
  "contrast": 0,
  "options": [
    null,
    null,
    "Take",
    null,
    null
  ],
  "interfaceOptions": [
    null,
    null,
    null,
    null,
    "Drop"
  ],
  "maleModel0": -1,
  "maleModel1": -1,
  "maleModel2": -1,
  "maleOffset": 0,
  "maleHeadModel": -1,
  "maleHeadModel2": -1,
  "femaleModel0": -1,
  "femaleModel1": -1,
  "femaleModel2": -1,
  "femaleOffset": 0,
  "femaleHeadModel": -1,
  "femaleHeadModel2": -1,
  "category": 2050,
  "notedID": 19673,
  "notedTemplate": -1,
  "team": 0,
  "weight": 1360,
  "shiftClickDropIndex": -2,
  "boughtId": -1,
  "boughtTemplateId": -1,
  "placeholderId": 19674,
  "placeholderTemplateId": -1,
  "params": {
    "23": 95
  }
}