{
  "id": 19699,
  "name": "Hornwood helm",
  "examine": "A helm to celebrate the summer solstice.",
  "resizeX": 128,
  "resizeY": 128,
  "resizeZ": 128,
  "xan2d": 12,
  "yan2d": 234,
  "zan2d": 0,
  "cost": 10,
  "isTradeable": false,
  "stackable": 0,
  "inventoryModel": 31650,
  "wearPos1": 0,
  "wearPos2": 8,
  "wearPos3": -1,
  "members": false,
  "zoom2d": 1040,
  "xOffset2d": 0,
  "yOffset2d": 0,
  "ambient": 0,
  "contrast": 0,
  "options": [
    null,
    null,
    "Take",
    null,
    null
  ],
  "interfaceOptions": [
    null,
    "Wear",
    null,
    null,
    "Destroy"
  ],
  "maleModel0": 31646,
  "maleModel1": -1,
  "maleModel2": -1,
  "maleOffset": 0,
  "maleHeadModel": 31648,
  "maleHeadModel2": -1,
  "femaleModel0": 31647,
  "femaleModel1": -1,
  "femaleModel2": -1,
  "femaleOffset": 0,
  "femaleHeadModel": 31649,
  "femaleHeadModel2": -1,
  "category": 0,
  "notedID": -1,
  "notedTemplate": -1,
  "team": 0,
  "weight": 1000,
  "shiftClickDropIndex": -2,
  "boughtId": -1,
  "boughtTemplateId": -1,
  "placeholderId": 19700,
  "placeholderTemplateId": -1
}