{
  "id": 20763,
  "name": "Null",
  "examine": "null",
  "resizeX": 128,
  "resizeY": 128,
  "resizeZ": 128,
  "xan2d": 572,
  "yan2d": 0,
  "zan2d": 0,
  "cost": 1,
  "isTradeable": false,
  "stackable": 0,
  "inventoryModel": 2521,
  "wearPos1": -1,
  "wearPos2": -1,
  "wearPos3": -1,
  "members": false,
  "colorFind": [
    25238
  ],
  "colorReplace": [
    -2608
  ],
  "zoom2d": 1940,
  "xOffset2d": 0,
  "yOffset2d": 1,
  "ambient": 0,
  "contrast": 0,
  "options": [
    null,
    null,
    "Take",
    null,
    null
  ],
  "interfaceOptions": [
    "Wear",
    null,
    null,
    null,
    "Drop"
  ],
  "maleModel0": -1,
  "maleModel1": -1,
  "maleModel2": -1,
  "maleOffset": 0,
  "maleHeadModel": -1,
  "maleHeadModel2": -1,
  "femaleModel0": -1,
  "femaleModel1": -1,
  "femaleModel2": -1,
  "femaleOffset": 0,
  "femaleHeadModel": -1,
  "femaleHeadModel2": -1,
  "category": 15,
  "notedID": -1,
  "notedTemplate": -1,
  "team": 0,
  "weight": 9071,
  "shiftClickDropIndex": -2,
  "boughtId": -1,
  "boughtTemplateId": -1,
  "placeholderId": -1,
  "placeholderTemplateId": -1,
  "params": {
    "1189": 81,
    "365": 566,
    "366": 4,
    "367": 561,
    "336": 3,
    "368": 2,
    "369": 564,
    "370": 1,
    "2259": 1,
    "596": 14287024,
    "597": 1306,
    "598": 1325,
    "599": 2083,
    "600": 2123,
    "601": "Ward of Arceuus",
    "602": "Gives you protection from the effects of offensive Arceuus spells and demonic attacks",
    "59": 1,
    "603": 1,
    "604": 73,
    "605": 0
  }
}