{
  "id": 2078,
  "name": "Unfinished cocktail",
  "examine": "This cocktail is just missing those little finishing touches.",
  "resizeX": 128,
  "resizeY": 128,
  "resizeZ": 128,
  "xan2d": 104,
  "yan2d": 1988,
  "zan2d": 0,
  "cost": 2,
  "isTradeable": false,
  "stackable": 0,
  "inventoryModel": 2532,
  "wearPos1": -1,
  "wearPos2": -1,
  "wearPos3": -1,
  "members": true,
  "colorFind": [
    -27725
  ],
  "colorReplace": [
    18384
  ],
  "zoom2d": 700,
  "xOffset2d": 0,
  "yOffset2d": 1,
  "ambient": 0,
  "contrast": 0,
  "options": [
    null,
    null,
    "Take",
    null,
    null
  ],
  "interfaceOptions": [
    "Drink",
    null,
    null,
    null,
    "Drop"
  ],
  "maleModel0": -1,
  "maleModel1": -1,
  "maleModel2": -1,
  "maleOffset": 0,
  "maleHeadModel": -1,
  "maleHeadModel2": -1,
  "femaleModel0": -1,
  "femaleModel1": -1,
  "femaleModel2": -1,
  "femaleOffset": 0,
  "femaleHeadModel": -1,
  "femaleHeadModel2": -1,
  "category": 15,
  "notedID": 2079,
  "notedTemplate": -1,
  "team": 0,
  "weight": 400,
  "shiftClickDropIndex": -2,
  "boughtId": -1,
  "boughtTemplateId": -1,
  "placeholderId": -1,
  "placeholderTemplateId": -1
}