{
  "id": 20798,
  "name": "Smelly journal",
  "examine": "A journal belonging to Larkur of Rellekka. Smells fishy.",
  "resizeX": 128,
  "resizeY": 128,
  "resizeZ": 128,
  "xan2d": 276,
  "yan2d": 124,
  "zan2d": 0,
  "cost": 0,
  "isTradeable": false,
  "stackable": 0,
  "inventoryModel": 6743,
  "wearPos1": -1,
  "wearPos2": -1,
  "wearPos3": -1,
  "members": true,
  "colorFind": [
    9152,
    5018,
    2991,
    10351
  ],
  "colorReplace": [
    5404,
    5409,
    5648,
    10467
  ],
  "zoom2d": 750,
  "xOffset2d": 0,
  "yOffset2d": 26,
  "ambient": 0,
  "contrast": 0,
  "options": [
    null,
    null,
    "Take",
    null,
    null
  ],
  "interfaceOptions": [
    "Read",
    null,
    null,
    null,
    "Drop"
  ],
  "maleModel0": -1,
  "maleModel1": -1,
  "maleModel2": -1,
  "maleOffset": 0,
  "maleHeadModel": -1,
  "maleHeadModel2": -1,
  "femaleModel0": -1,
  "femaleModel1": -1,
  "femaleModel2": -1,
  "femaleOffset": 0,
  "femaleHeadModel": -1,
  "femaleHeadModel2": -1,
  "category": 0,
  "notedID": -1,
  "notedTemplate": -1,
  "team": 0,
  "weight": 10,
  "shiftClickDropIndex": -2,
  "boughtId": -1,
  "boughtTemplateId": -1,
  "placeholderId": -1,
  "placeholderTemplateId": -1
}