{
  "id": 20904,
  "name": "Grimy golpar",
  "examine": "Eww, it\u0027s grimy.",
  "resizeX": 128,
  "resizeY": 128,
  "resizeZ": 128,
  "xan2d": 296,
  "yan2d": 1495,
  "zan2d": 0,
  "cost": 2,
  "isTradeable": false,
  "stackable": 0,
  "inventoryModel": 32795,
  "wearPos1": -1,
  "wearPos2": -1,
  "wearPos3": -1,
  "members": true,
  "colorFind": [
    6088,
    8130
  ],
  "colorReplace": [
    30643,
    28608
  ],
  "zoom2d": 1158,
  "xOffset2d": 3,
  "yOffset2d": 21,
  "ambient": 0,
  "contrast": 0,
  "options": [
    null,
    null,
    "Take",
    null,
    null
  ],
  "interfaceOptions": [
    "Clean",
    null,
    null,
    null,
    "Drop"
  ],
  "maleModel0": -1,
  "maleModel1": -1,
  "maleModel2": -1,
  "maleOffset": 0,
  "maleHeadModel": -1,
  "maleHeadModel2": -1,
  "femaleModel0": -1,
  "femaleModel1": -1,
  "femaleModel2": -1,
  "femaleOffset": 0,
  "femaleHeadModel": -1,
  "femaleHeadModel2": -1,
  "category": 1009,
  "notedID": -1,
  "notedTemplate": -1,
  "team": 0,
  "weight": 7,
  "shiftClickDropIndex": -2,
  "boughtId": -1,
  "boughtTemplateId": -1,
  "placeholderId": -1,
  "placeholderTemplateId": -1,
  "params": {
    "59": 1
  }
}