{
  "id": 20962,
  "name": "Prayer enhance (-)(2)",
  "examine": "This potion imbues one with a prayer restore effect temporarily. It was mixed particularly badly.",
  "resizeX": 64,
  "resizeY": 64,
  "resizeZ": 64,
  "xan2d": 116,
  "yan2d": 4,
  "zan2d": 0,
  "cost": 40,
  "isTradeable": false,
  "stackable": 0,
  "inventoryModel": 32766,
  "wearPos1": -1,
  "wearPos2": -1,
  "wearPos3": -1,
  "members": true,
  "colorFind": [
    61
  ],
  "colorReplace": [
    -16448
  ],
  "zoom2d": 589,
  "xOffset2d": 0,
  "yOffset2d": 1,
  "ambient": 0,
  "contrast": 0,
  "options": [
    null,
    null,
    "Take",
    null,
    null
  ],
  "interfaceOptions": [
    "Drink",
    null,
    null,
    null,
    "Drop"
  ],
  "maleModel0": -1,
  "maleModel1": -1,
  "maleModel2": -1,
  "maleOffset": 0,
  "maleHeadModel": -1,
  "maleHeadModel2": -1,
  "femaleModel0": -1,
  "femaleModel1": -1,
  "femaleModel2": -1,
  "femaleOffset": 0,
  "femaleHeadModel": -1,
  "femaleHeadModel2": -1,
  "category": 1013,
  "notedID": -1,
  "notedTemplate": -1,
  "team": 0,
  "weight": 20,
  "shiftClickDropIndex": -2,
  "boughtId": -1,
  "boughtTemplateId": -1,
  "placeholderId": -1,
  "placeholderTemplateId": -1,
  "params": {
    "181": 5,
    "59": 1
  }
}