{
  "id": 21028,
  "name": "Dragon harpoon",
  "examine": "A very powerful harpoon.",
  "resizeX": 128,
  "resizeY": 128,
  "resizeZ": 128,
  "xan2d": 600,
  "yan2d": 54,
  "zan2d": 1953,
  "cost": 55000,
  "isTradeable": true,
  "stackable": 0,
  "inventoryModel": 32796,
  "wearPos1": 3,
  "wearPos2": -1,
  "wearPos3": -1,
  "members": true,
  "zoom2d": 1347,
  "xOffset2d": 2,
  "yOffset2d": 2,
  "ambient": 0,
  "contrast": 0,
  "options": [
    null,
    null,
    "Take",
    null,
    null
  ],
  "interfaceOptions": [
    null,
    "Wield",
    null,
    null,
    "Drop"
  ],
  "maleModel0": 32670,
  "maleModel1": -1,
  "maleModel2": -1,
  "maleOffset": 0,
  "maleHeadModel": -1,
  "maleHeadModel2": -1,
  "femaleModel0": 32670,
  "femaleModel1": -1,
  "femaleModel2": -1,
  "femaleOffset": 6,
  "femaleHeadModel": -1,
  "femaleHeadModel2": -1,
  "category": 25,
  "notedID": 21029,
  "notedTemplate": -1,
  "team": 0,
  "weight": 2267,
  "shiftClickDropIndex": -2,
  "boughtId": -1,
  "boughtTemplateId": -1,
  "placeholderId": 21030,
  "placeholderTemplateId": -1,
  "params": {
    "0": 38,
    "1": 32,
    "10": 42,
    "14": 5,
    "6": 1
  }
}