{
  "id": 21402,
  "name": "Clan wars cape",
  "examine": "An imaginary team cape.",
  "resizeX": 128,
  "resizeY": 128,
  "resizeZ": 128,
  "xan2d": 400,
  "yan2d": 948,
  "zan2d": 0,
  "cost": 0,
  "isTradeable": false,
  "stackable": 0,
  "inventoryModel": 2603,
  "wearPos1": 11,
  "wearPos2": -1,
  "wearPos3": -1,
  "members": false,
  "colorFind": [
    11200,
    7700,
    926
  ],
  "colorReplace": [
    11183,
    11200,
    10043
  ],
  "zoom2d": 2140,
  "xOffset2d": 3,
  "yOffset2d": 6,
  "ambient": 0,
  "contrast": 0,
  "options": [
    null,
    null,
    "Take",
    null,
    null
  ],
  "interfaceOptions": [
    null,
    null,
    null,
    null,
    "Discard"
  ],
  "maleModel0": 248,
  "maleModel1": 33196,
  "maleModel2": -1,
  "maleOffset": 0,
  "maleHeadModel": -1,
  "maleHeadModel2": -1,
  "femaleModel0": 474,
  "femaleModel1": 33196,
  "femaleModel2": -1,
  "femaleOffset": 0,
  "femaleHeadModel": -1,
  "femaleHeadModel2": -1,
  "category": 760,
  "notedID": -1,
  "notedTemplate": -1,
  "team": 100,
  "weight": 0,
  "shiftClickDropIndex": -2,
  "boughtId": -1,
  "boughtTemplateId": -1,
  "placeholderId": -1,
  "placeholderTemplateId": -1,
  "params": {
    "59": 1
  }
}