{
  "id": 21786,
  "name": "Imbued guthix max hood",
  "examine": "The hood worn by only the most experienced players.",
  "resizeX": 128,
  "resizeY": 128,
  "resizeZ": 128,
  "xan2d": 21,
  "yan2d": 18,
  "zan2d": 0,
  "cost": 1,
  "isTradeable": false,
  "stackable": 0,
  "inventoryModel": 29629,
  "wearPos1": 0,
  "wearPos2": 8,
  "wearPos3": -1,
  "members": true,
  "colorFind": [
    668,
    675,
    784,
    815,
    673,
    685
  ],
  "colorReplace": [
    22426,
    22426,
    -28753,
    -28753,
    -31846,
    22426
  ],
  "zoom2d": 720,
  "xOffset2d": 0,
  "yOffset2d": 0,
  "ambient": 0,
  "contrast": 0,
  "options": [
    null,
    null,
    "Take",
    null,
    null
  ],
  "interfaceOptions": [
    null,
    "Wear",
    null,
    null,
    "Drop"
  ],
  "maleModel0": 29614,
  "maleModel1": -1,
  "maleModel2": -1,
  "maleOffset": 0,
  "maleHeadModel": 29626,
  "maleHeadModel2": -1,
  "femaleModel0": 29623,
  "femaleModel1": -1,
  "femaleModel2": -1,
  "femaleOffset": 0,
  "femaleHeadModel": 29628,
  "femaleHeadModel2": -1,
  "category": 0,
  "notedID": -1,
  "notedTemplate": -1,
  "team": 0,
  "weight": 453,
  "shiftClickDropIndex": -2,
  "boughtId": -1,
  "boughtTemplateId": -1,
  "placeholderId": 21787,
  "placeholderTemplateId": -1,
  "params": {
    "42": 1
  }
}