{
  "id": 22139,
  "name": "Adamant kiteshield",
  "examine": "A shield with the symbol of the HAM cult.",
  "resizeX": 128,
  "resizeY": 128,
  "resizeZ": 128,
  "xan2d": 484,
  "yan2d": 152,
  "zan2d": 138,
  "cost": 5440,
  "isTradeable": false,
  "stackable": 0,
  "inventoryModel": 13040,
  "wearPos1": 5,
  "wearPos2": -1,
  "wearPos3": -1,
  "members": true,
  "colorFind": [
    -10304
  ],
  "colorReplace": [
    18712
  ],
  "zoom2d": 1568,
  "xOffset2d": -4,
  "yOffset2d": -9,
  "ambient": 10,
  "contrast": 0,
  "options": [
    null,
    null,
    "Take",
    null,
    null
  ],
  "interfaceOptions": [
    null,
    "Wear",
    null,
    null,
    "Drop"
  ],
  "maleModel0": 34465,
  "maleModel1": -1,
  "maleModel2": -1,
  "maleOffset": 4,
  "maleHeadModel": -1,
  "maleHeadModel2": -1,
  "femaleModel0": 34461,
  "femaleModel1": -1,
  "femaleModel2": -1,
  "femaleOffset": 7,
  "femaleHeadModel": -1,
  "femaleHeadModel2": -1,
  "category": 18,
  "notedID": -1,
  "notedTemplate": -1,
  "team": 0,
  "weight": 5443,
  "shiftClickDropIndex": -2,
  "boughtId": -1,
  "boughtTemplateId": -1,
  "placeholderId": 22140,
  "placeholderTemplateId": -1,
  "params": {
    "0": 0,
    "1": 0,
    "2": 0,
    "3": -8,
    "4": -3,
    "5": 27,
    "6": 31,
    "7": 29,
    "8": -1,
    "9": 29,
    "11": 0
  }
}