{
  "id": 22221,
  "name": "Extended super antifire mix(2)",
  "examine": "Two doses of fishy extended super anti-firebreath potion.",
  "resizeX": 128,
  "resizeY": 128,
  "resizeZ": 128,
  "xan2d": 81,
  "yan2d": 1812,
  "zan2d": 0,
  "cost": 240,
  "isTradeable": true,
  "stackable": 0,
  "inventoryModel": 26826,
  "wearPos1": -1,
  "wearPos2": -1,
  "wearPos3": -1,
  "members": true,
  "colorFind": [
    6953,
    7077,
    7073
  ],
  "colorReplace": [
    -15786,
    -16944,
    -18106
  ],
  "zoom2d": 550,
  "xOffset2d": 0,
  "yOffset2d": -1,
  "ambient": 0,
  "contrast": 0,
  "options": [
    null,
    null,
    "Take",
    null,
    null
  ],
  "interfaceOptions": [
    "Drink",
    null,
    null,
    "Empty",
    "Drop"
  ],
  "maleModel0": -1,
  "maleModel1": -1,
  "maleModel2": -1,
  "maleOffset": 0,
  "maleHeadModel": -1,
  "maleHeadModel2": -1,
  "femaleModel0": -1,
  "femaleModel1": -1,
  "femaleModel2": -1,
  "femaleOffset": 0,
  "femaleHeadModel": -1,
  "femaleHeadModel2": -1,
  "category": 69,
  "notedID": 22222,
  "notedTemplate": -1,
  "team": 0,
  "weight": 80,
  "shiftClickDropIndex": -2,
  "boughtId": -1,
  "boughtTemplateId": -1,
  "placeholderId": 22223,
  "placeholderTemplateId": -1,
  "params": {
    "468": 34
  }
}