{
  "id": 22230,
  "name": "Barbed arrow",
  "examine": "Arrows with barbed heads.",
  "resizeX": 128,
  "resizeY": 128,
  "resizeZ": 128,
  "xan2d": 216,
  "yan2d": 100,
  "zan2d": 0,
  "cost": 1,
  "isTradeable": false,
  "stackable": 1,
  "inventoryModel": 12828,
  "wearPos1": 13,
  "wearPos2": -1,
  "wearPos3": -1,
  "members": true,
  "colorFind": [
    -21568
  ],
  "colorReplace": [
    960
  ],
  "zoom2d": 1220,
  "xOffset2d": 6,
  "yOffset2d": -29,
  "ambient": 0,
  "contrast": 0,
  "countCo": [
    2,
    3,
    4,
    5,
    0,
    0,
    0,
    0,
    0,
    0
  ],
  "countObj": [
    6205,
    6207,
    6381,
    6210,
    0,
    0,
    0,
    0,
    0,
    0
  ],
  "options": [
    null,
    null,
    "Take",
    null,
    null
  ],
  "interfaceOptions": [
    null,
    "Wield",
    null,
    null,
    "Drop"
  ],
  "maleModel0": -1,
  "maleModel1": -1,
  "maleModel2": -1,
  "maleOffset": 0,
  "maleHeadModel": -1,
  "maleHeadModel2": -1,
  "femaleModel0": -1,
  "femaleModel1": -1,
  "femaleModel2": -1,
  "femaleOffset": 0,
  "femaleHeadModel": -1,
  "femaleHeadModel2": -1,
  "category": 62,
  "notedID": -1,
  "notedTemplate": -1,
  "team": 0,
  "weight": 0,
  "shiftClickDropIndex": -2,
  "boughtId": -1,
  "boughtTemplateId": -1,
  "placeholderId": -1,
  "placeholderTemplateId": -1,
  "params": {
    "12": 125,
    "4": 46,
    "59": 1
  }
}