{
  "id": 22296,
  "name": "Staff of light",
  "examine": "A ghastly weapon with evil origins combined with a holy light.",
  "resizeX": 128,
  "resizeY": 128,
  "resizeZ": 128,
  "xan2d": 364,
  "yan2d": 1508,
  "zan2d": 0,
  "cost": 1000005,
  "isTradeable": true,
  "stackable": 0,
  "inventoryModel": 34518,
  "wearPos1": 3,
  "wearPos2": -1,
  "wearPos3": -1,
  "members": true,
  "zoom2d": 1853,
  "xOffset2d": 1,
  "yOffset2d": 21,
  "ambient": 0,
  "contrast": 0,
  "options": [
    null,
    null,
    "Take",
    null,
    null
  ],
  "interfaceOptions": [
    null,
    "Wield",
    null,
    null,
    "Drop"
  ],
  "maleModel0": 34508,
  "maleModel1": -1,
  "maleModel2": -1,
  "maleOffset": 0,
  "maleHeadModel": -1,
  "maleHeadModel2": -1,
  "femaleModel0": 34507,
  "femaleModel1": -1,
  "femaleModel2": -1,
  "femaleOffset": 0,
  "femaleHeadModel": -1,
  "femaleHeadModel2": -1,
  "category": 1,
  "notedID": 22297,
  "notedTemplate": -1,
  "team": 0,
  "weight": 1500,
  "shiftClickDropIndex": -2,
  "boughtId": -1,
  "boughtTemplateId": -1,
  "placeholderId": 22298,
  "placeholderTemplateId": -1,
  "params": {
    "0": 55,
    "1": 70,
    "3": 17,
    "6": 3,
    "7": 3,
    "8": 17,
    "40": 1,
    "41": 1,
    "10": 72,
    "299": 150,
    "434": 0,
    "435": 6,
    "436": 75,
    "437": 75,
    "1564": 3
  }
}