{
  "id": 23070,
  "name": "Treasure scroll",
  "examine": "A scroll that I found while hunting treasure for Veos.",
  "resizeX": 128,
  "resizeY": 128,
  "resizeZ": 128,
  "xan2d": 360,
  "yan2d": 672,
  "zan2d": 0,
  "cost": 30,
  "isTradeable": false,
  "stackable": 0,
  "inventoryModel": 3374,
  "wearPos1": -1,
  "wearPos2": -1,
  "wearPos3": -1,
  "members": false,
  "zoom2d": 1010,
  "xOffset2d": 1,
  "yOffset2d": 0,
  "ambient": 0,
  "contrast": 0,
  "options": [
    null,
    null,
    "Take",
    null,
    null
  ],
  "interfaceOptions": [
    "Read",
    null,
    null,
    null,
    "Destroy"
  ],
  "maleModel0": -1,
  "maleModel1": -1,
  "maleModel2": -1,
  "maleOffset": 0,
  "maleHeadModel": -1,
  "maleHeadModel2": -1,
  "femaleModel0": -1,
  "femaleModel1": -1,
  "femaleModel2": -1,
  "femaleOffset": 0,
  "femaleHeadModel": -1,
  "femaleHeadModel2": -1,
  "category": 79,
  "notedID": -1,
  "notedTemplate": -1,
  "team": 0,
  "weight": 20,
  "shiftClickDropIndex": -2,
  "boughtId": -1,
  "boughtTemplateId": -1,
  "placeholderId": -1,
  "placeholderTemplateId": -1,
  "params": {
    "295": 1,
    "623": 2262
  }
}