{
  "id": 23083,
  "name": "Brimstone key",
  "examine": "Unlocks Konar\u0027s chest found atop Mount Karuulm.",
  "resizeX": 128,
  "resizeY": 128,
  "resizeZ": 128,
  "xan2d": 364,
  "yan2d": 278,
  "zan2d": 0,
  "cost": 80000,
  "isTradeable": false,
  "stackable": 1,
  "inventoryModel": 36944,
  "wearPos1": -1,
  "wearPos2": -1,
  "wearPos3": -1,
  "members": true,
  "zoom2d": 1212,
  "xOffset2d": 0,
  "yOffset2d": -3,
  "ambient": 0,
  "contrast": 0,
  "countCo": [
    2,
    3,
    4,
    5,
    10,
    20,
    0,
    0,
    0,
    0
  ],
  "countObj": [
    23085,
    23086,
    23087,
    23088,
    23089,
    23090,
    0,
    0,
    0,
    0
  ],
  "options": [
    null,
    null,
    "Take",
    null,
    null
  ],
  "interfaceOptions": [
    null,
    null,
    null,
    null,
    "Drop"
  ],
  "maleModel0": -1,
  "maleModel1": -1,
  "maleModel2": -1,
  "maleOffset": 0,
  "maleHeadModel": -1,
  "maleHeadModel2": -1,
  "femaleModel0": -1,
  "femaleModel1": -1,
  "femaleModel2": -1,
  "femaleOffset": 0,
  "femaleHeadModel": -1,
  "femaleHeadModel2": -1,
  "category": 0,
  "notedID": -1,
  "notedTemplate": -1,
  "team": 0,
  "weight": 0,
  "shiftClickDropIndex": -2,
  "boughtId": -1,
  "boughtTemplateId": -1,
  "placeholderId": 23084,
  "placeholderTemplateId": -1,
  "params": {
    "295": 1
  }
}