{
  "id": 23354,
  "name": "Amulet of power (t)",
  "examine": "An enchanted diamond amulet that looks good.",
  "resizeX": 128,
  "resizeY": 128,
  "resizeZ": 128,
  "xan2d": 320,
  "yan2d": 110,
  "zan2d": 0,
  "cost": 4025,
  "isTradeable": true,
  "stackable": 0,
  "inventoryModel": 37196,
  "wearPos1": 2,
  "wearPos2": -1,
  "wearPos3": -1,
  "members": false,
  "colorFind": [
    4882
  ],
  "colorReplace": [
    127
  ],
  "zoom2d": 528,
  "xOffset2d": 1,
  "yOffset2d": 7,
  "ambient": 0,
  "contrast": 0,
  "options": [
    null,
    null,
    "Take",
    null,
    null
  ],
  "interfaceOptions": [
    null,
    "Wear",
    null,
    null,
    "Drop"
  ],
  "maleModel0": 37015,
  "maleModel1": -1,
  "maleModel2": -1,
  "maleOffset": 0,
  "maleHeadModel": -1,
  "maleHeadModel2": -1,
  "femaleModel0": 37045,
  "femaleModel1": -1,
  "femaleModel2": -1,
  "femaleOffset": 0,
  "femaleHeadModel": -1,
  "femaleHeadModel2": -1,
  "category": 0,
  "notedID": 23355,
  "notedTemplate": -1,
  "team": 0,
  "weight": 10,
  "shiftClickDropIndex": -2,
  "boughtId": -1,
  "boughtTemplateId": -1,
  "placeholderId": 23356,
  "placeholderTemplateId": -1,
  "params": {
    "0": 6,
    "1": 6,
    "2": 6,
    "3": 6,
    "4": 6,
    "5": 6,
    "6": 6,
    "7": 6,
    "8": 6,
    "9": 6,
    "10": 6,
    "11": 1
  }
}