{
  "id": 23410,
  "name": "Wolf cloak",
  "examine": "A very warm wolf cloak.",
  "resizeX": 128,
  "resizeY": 128,
  "resizeZ": 128,
  "xan2d": 322,
  "yan2d": 1933,
  "zan2d": 0,
  "cost": 1000,
  "isTradeable": true,
  "stackable": 0,
  "inventoryModel": 37199,
  "wearPos1": 1,
  "wearPos2": -1,
  "wearPos3": -1,
  "members": false,
  "zoom2d": 2002,
  "xOffset2d": 3,
  "yOffset2d": 12,
  "ambient": 0,
  "contrast": 0,
  "options": [
    null,
    null,
    "Take",
    null,
    null
  ],
  "interfaceOptions": [
    null,
    "Wear",
    null,
    null,
    "Drop"
  ],
  "maleModel0": 37022,
  "maleModel1": -1,
  "maleModel2": -1,
  "maleOffset": 0,
  "maleHeadModel": -1,
  "maleHeadModel2": -1,
  "femaleModel0": 37050,
  "femaleModel1": -1,
  "femaleModel2": -1,
  "femaleOffset": 0,
  "femaleHeadModel": -1,
  "femaleHeadModel2": -1,
  "category": 0,
  "notedID": 23411,
  "notedTemplate": -1,
  "team": 0,
  "weight": 453,
  "shiftClickDropIndex": -2,
  "boughtId": -1,
  "boughtTemplateId": -1,
  "placeholderId": 23412,
  "placeholderTemplateId": -1
}