{
  "id": 23497,
  "name": "Temple coin",
  "examine": "An old coin from a ruined temple. It feels ominous to the touch.",
  "resizeX": 128,
  "resizeY": 128,
  "resizeZ": 128,
  "xan2d": 223,
  "yan2d": 150,
  "zan2d": 0,
  "cost": 0,
  "isTradeable": false,
  "stackable": 0,
  "inventoryModel": 37338,
  "wearPos1": -1,
  "wearPos2": -1,
  "wearPos3": -1,
  "members": true,
  "zoom2d": 320,
  "xOffset2d": 1,
  "yOffset2d": 0,
  "ambient": 0,
  "contrast": 0,
  "options": [
    null,
    null,
    "Take",
    null,
    null
  ],
  "interfaceOptions": [
    null,
    null,
    null,
    null,
    "Destroy"
  ],
  "maleModel0": -1,
  "maleModel1": -1,
  "maleModel2": -1,
  "maleOffset": 0,
  "maleHeadModel": -1,
  "maleHeadModel2": -1,
  "femaleModel0": -1,
  "femaleModel1": -1,
  "femaleModel2": -1,
  "femaleOffset": 0,
  "femaleHeadModel": -1,
  "femaleHeadModel2": -1,
  "category": 0,
  "notedID": -1,
  "notedTemplate": -1,
  "team": 0,
  "weight": 5,
  "shiftClickDropIndex": -2,
  "boughtId": -1,
  "boughtTemplateId": -1,
  "placeholderId": 23498,
  "placeholderTemplateId": -1
}