{
  "id": 24207,
  "name": "Victor\u0027s cape (1)",
  "examine": "Shows your prowess in Last Man Standing.",
  "resizeX": 128,
  "resizeY": 128,
  "resizeZ": 128,
  "xan2d": 337,
  "yan2d": 948,
  "zan2d": 0,
  "cost": 4,
  "isTradeable": false,
  "stackable": 0,
  "inventoryModel": 38833,
  "wearPos1": 1,
  "wearPos2": -1,
  "wearPos3": -1,
  "members": false,
  "zoom2d": 2150,
  "xOffset2d": 2,
  "yOffset2d": -3,
  "ambient": 0,
  "contrast": 0,
  "options": [
    null,
    null,
    "Take",
    null,
    null
  ],
  "interfaceOptions": [
    null,
    "Wear",
    null,
    null,
    "Drop"
  ],
  "maleModel0": 38812,
  "maleModel1": -1,
  "maleModel2": -1,
  "maleOffset": 0,
  "maleHeadModel": -1,
  "maleHeadModel2": -1,
  "femaleModel0": 38820,
  "femaleModel1": -1,
  "femaleModel2": -1,
  "femaleOffset": 0,
  "femaleHeadModel": -1,
  "femaleHeadModel2": -1,
  "category": 1397,
  "notedID": -1,
  "notedTemplate": -1,
  "team": 0,
  "weight": 453,
  "shiftClickDropIndex": -2,
  "boughtId": -1,
  "boughtTemplateId": -1,
  "placeholderId": 24208,
  "placeholderTemplateId": -1,
  "params": {
    "23": 1
  }
}