{
  "id": 24549,
  "name": "Cake",
  "examine": "A plain sponge cake.",
  "resizeX": 128,
  "resizeY": 128,
  "resizeZ": 128,
  "xan2d": 164,
  "yan2d": 120,
  "zan2d": 0,
  "cost": 50,
  "isTradeable": false,
  "stackable": 0,
  "inventoryModel": 2531,
  "wearPos1": -1,
  "wearPos2": -1,
  "wearPos3": -1,
  "members": false,
  "zoom2d": 670,
  "xOffset2d": 0,
  "yOffset2d": -8,
  "ambient": 0,
  "contrast": 0,
  "options": [
    null,
    null,
    "Take",
    null,
    null
  ],
  "interfaceOptions": [
    null,
    null,
    null,
    null,
    "Drop"
  ],
  "maleModel0": -1,
  "maleModel1": -1,
  "maleModel2": -1,
  "maleOffset": 0,
  "maleHeadModel": -1,
  "maleHeadModel2": -1,
  "femaleModel0": -1,
  "femaleModel1": -1,
  "femaleModel2": -1,
  "femaleOffset": 0,
  "femaleHeadModel": -1,
  "femaleHeadModel2": -1,
  "category": 15,
  "notedID": -1,
  "notedTemplate": -1,
  "team": 0,
  "weight": 300,
  "shiftClickDropIndex": -2,
  "boughtId": -1,
  "boughtTemplateId": -1,
  "placeholderId": 24550,
  "placeholderTemplateId": -1,
  "params": {
    "59": 1,
    "295": 1
  }
}