{
  "id": 24573,
  "name": "Antique emblem (tier 5)",
  "examine": "An emblem of ancient times.",
  "resizeX": 128,
  "resizeY": 128,
  "resizeZ": 128,
  "xan2d": 0,
  "yan2d": 27,
  "zan2d": 0,
  "cost": 504,
  "isTradeable": false,
  "stackable": 0,
  "inventoryModel": 5448,
  "wearPos1": -1,
  "wearPos2": -1,
  "wearPos3": -1,
  "members": true,
  "zoom2d": 1221,
  "xOffset2d": 0,
  "yOffset2d": -1,
  "ambient": 15,
  "contrast": 5,
  "options": [
    null,
    null,
    "Take",
    null,
    null
  ],
  "interfaceOptions": [
    null,
    null,
    null,
    null,
    "Destroy"
  ],
  "maleModel0": -1,
  "maleModel1": -1,
  "maleModel2": -1,
  "maleOffset": 0,
  "maleHeadModel": -1,
  "maleHeadModel2": -1,
  "femaleModel0": -1,
  "femaleModel1": -1,
  "femaleModel2": -1,
  "femaleOffset": 0,
  "femaleHeadModel": -1,
  "femaleHeadModel2": -1,
  "category": 741,
  "notedID": -1,
  "notedTemplate": -1,
  "team": 0,
  "weight": 100,
  "shiftClickDropIndex": -2,
  "boughtId": -1,
  "boughtTemplateId": -1,
  "placeholderId": 24574,
  "placeholderTemplateId": -1,
  "params": {
    "295": 1
  }
}