{
  "id": 25219,
  "name": "Blue icon",
  "examine": "An icon.",
  "resizeX": 128,
  "resizeY": 128,
  "resizeZ": 128,
  "xan2d": 400,
  "yan2d": 948,
  "zan2d": 0,
  "cost": 1,
  "isTradeable": false,
  "stackable": 0,
  "inventoryModel": 41423,
  "wearPos1": 11,
  "wearPos2": -1,
  "wearPos3": -1,
  "members": true,
  "zoom2d": 2140,
  "xOffset2d": 3,
  "yOffset2d": 6,
  "ambient": 0,
  "contrast": 0,
  "options": [
    null,
    null,
    "Take",
    null,
    null
  ],
  "interfaceOptions": [
    null,
    "Equip",
    null,
    null,
    "Drop"
  ],
  "maleModel0": 253,
  "maleModel1": 33197,
  "maleModel2": -1,
  "maleOffset": 0,
  "maleHeadModel": 85,
  "maleHeadModel2": -1,
  "femaleModel0": 428,
  "femaleModel1": 33197,
  "femaleModel2": -1,
  "femaleOffset": 0,
  "femaleHeadModel": 85,
  "femaleHeadModel2": -1,
  "category": 1477,
  "notedID": -1,
  "notedTemplate": -1,
  "team": 1,
  "weight": 1,
  "shiftClickDropIndex": -2,
  "boughtId": -1,
  "boughtTemplateId": -1,
  "placeholderId": -1,
  "placeholderTemplateId": -1,
  "params": {
    "59": 1,
    "295": 1
  }
}