{
  "id": 2534,
  "name": "Steel fire arrow",
  "examine": "Arrows with steel heads wrapped in oily cloth.",
  "resizeX": 128,
  "resizeY": 128,
  "resizeZ": 128,
  "xan2d": 336,
  "yan2d": 1832,
  "zan2d": 0,
  "cost": 3,
  "isTradeable": false,
  "stackable": 1,
  "inventoryModel": 2702,
  "wearPos1": 13,
  "wearPos2": -1,
  "wearPos3": -1,
  "members": true,
  "zoom2d": 1580,
  "xOffset2d": 0,
  "yOffset2d": 0,
  "ambient": 0,
  "contrast": 0,
  "countCo": [
    2,
    3,
    4,
    5,
    0,
    0,
    0,
    0,
    0,
    0
  ],
  "countObj": [
    2542,
    2543,
    2544,
    2545,
    0,
    0,
    0,
    0,
    0,
    0
  ],
  "options": [
    null,
    null,
    "Take",
    null,
    null
  ],
  "interfaceOptions": [
    null,
    "Wield",
    null,
    null,
    "Drop"
  ],
  "maleModel0": -1,
  "maleModel1": -1,
  "maleModel2": -1,
  "maleOffset": 0,
  "maleHeadModel": -1,
  "maleHeadModel2": -1,
  "femaleModel0": -1,
  "femaleModel1": -1,
  "femaleModel2": -1,
  "femaleOffset": 0,
  "femaleHeadModel": -1,
  "femaleHeadModel2": -1,
  "category": 62,
  "notedID": -1,
  "notedTemplate": -1,
  "team": 0,
  "weight": 0,
  "shiftClickDropIndex": -2,
  "boughtId": -1,
  "boughtTemplateId": -1,
  "placeholderId": 14583,
  "placeholderTemplateId": -1,
  "params": {
    "12": 16,
    "23": 5
  }
}