{
  "id": 25527,
  "name": "Stardust",
  "examine": "Small, shiny bits of rock. Someone at the Mining Guild might find them interesting.",
  "resizeX": 96,
  "resizeY": 96,
  "resizeZ": 96,
  "xan2d": 279,
  "yan2d": 1994,
  "zan2d": 0,
  "cost": 50,
  "isTradeable": false,
  "stackable": 1,
  "inventoryModel": 41596,
  "wearPos1": -1,
  "wearPos2": -1,
  "wearPos3": -1,
  "members": false,
  "zoom2d": 1642,
  "xOffset2d": 0,
  "yOffset2d": 47,
  "ambient": 0,
  "contrast": 0,
  "countCo": [
    25,
    75,
    125,
    175,
    0,
    0,
    0,
    0,
    0,
    0
  ],
  "countObj": [
    25529,
    25530,
    25531,
    25532,
    0,
    0,
    0,
    0,
    0,
    0
  ],
  "options": [
    null,
    null,
    "Take",
    null,
    null
  ],
  "interfaceOptions": [
    null,
    null,
    null,
    null,
    "Drop"
  ],
  "maleModel0": -1,
  "maleModel1": -1,
  "maleModel2": -1,
  "maleOffset": 0,
  "maleHeadModel": -1,
  "maleHeadModel2": -1,
  "femaleModel0": -1,
  "femaleModel1": -1,
  "femaleModel2": -1,
  "femaleOffset": 0,
  "femaleHeadModel": -1,
  "femaleHeadModel2": -1,
  "category": 91,
  "notedID": -1,
  "notedTemplate": -1,
  "team": 0,
  "weight": 0,
  "shiftClickDropIndex": -2,
  "boughtId": -1,
  "boughtTemplateId": -1,
  "placeholderId": 25528,
  "placeholderTemplateId": -1,
  "params": {
    "295": 1
  }
}