{
  "id": 25916,
  "name": "Dragon hunter crossbow (t)",
  "examine": "A crossbow used for dragon hunting.",
  "resizeX": 128,
  "resizeY": 128,
  "resizeZ": 128,
  "xan2d": 432,
  "yan2d": 258,
  "zan2d": 0,
  "cost": 80000,
  "isTradeable": false,
  "stackable": 0,
  "inventoryModel": 42792,
  "wearPos1": 3,
  "wearPos2": -1,
  "wearPos3": -1,
  "members": true,
  "zoom2d": 926,
  "xOffset2d": 0,
  "yOffset2d": 9,
  "ambient": 0,
  "contrast": 0,
  "options": [
    null,
    null,
    "Take",
    null,
    null
  ],
  "interfaceOptions": [
    null,
    "Wield",
    null,
    null,
    "Dismantle"
  ],
  "maleModel0": 42744,
  "maleModel1": -1,
  "maleModel2": -1,
  "maleOffset": 0,
  "maleHeadModel": -1,
  "maleHeadModel2": -1,
  "femaleModel0": 42740,
  "femaleModel1": -1,
  "femaleModel2": -1,
  "femaleOffset": 0,
  "femaleHeadModel": -1,
  "femaleHeadModel2": -1,
  "category": 37,
  "notedID": -1,
  "notedTemplate": -1,
  "team": 0,
  "weight": 7000,
  "shiftClickDropIndex": -2,
  "boughtId": -1,
  "boughtTemplateId": -1,
  "placeholderId": 25917,
  "placeholderTemplateId": -1,
  "params": {
    "4": 95,
    "13": 7,
    "14": 6,
    "23": 70
  }
}