{
  "id": 26096,
  "name": "Sigil of nature",
  "examine": "A power enhancing sigil not yet attuned to you.",
  "resizeX": 128,
  "resizeY": 128,
  "resizeZ": 128,
  "xan2d": 117,
  "yan2d": 105,
  "zan2d": 0,
  "cost": 20000,
  "isTradeable": true,
  "stackable": 0,
  "inventoryModel": 42896,
  "wearPos1": -1,
  "wearPos2": -1,
  "wearPos3": -1,
  "members": true,
  "zoom2d": 888,
  "xOffset2d": 0,
  "yOffset2d": -7,
  "ambient": 0,
  "contrast": 0,
  "options": [
    null,
    null,
    "Take",
    null,
    null
  ],
  "interfaceOptions": [
    "Attune",
    null,
    "Inspect",
    null,
    "Destroy"
  ],
  "maleModel0": -1,
  "maleModel1": -1,
  "maleModel2": -1,
  "maleOffset": 0,
  "maleHeadModel": -1,
  "maleHeadModel2": -1,
  "femaleModel0": -1,
  "femaleModel1": -1,
  "femaleModel2": -1,
  "femaleOffset": 0,
  "femaleHeadModel": -1,
  "femaleHeadModel2": -1,
  "category": 1584,
  "notedID": 26097,
  "notedTemplate": -1,
  "team": 0,
  "weight": 100,
  "shiftClickDropIndex": -2,
  "boughtId": -1,
  "boughtTemplateId": -1,
  "placeholderId": -1,
  "placeholderTemplateId": -1,
  "params": {
    "568": 3,
    "295": 1,
    "1371": 35
  }
}