{
  "id": 26500,
  "name": "Shattered teleport scroll",
  "examine": "A scroll which unlocks the Shattered Relics home teleport animation.",
  "resizeX": 128,
  "resizeY": 128,
  "resizeZ": 128,
  "xan2d": 589,
  "yan2d": 1544,
  "zan2d": 0,
  "cost": 25000,
  "isTradeable": true,
  "stackable": 0,
  "inventoryModel": 43448,
  "wearPos1": 3,
  "wearPos2": -1,
  "wearPos3": -1,
  "members": true,
  "zoom2d": 1118,
  "xOffset2d": 0,
  "yOffset2d": 0,
  "ambient": 0,
  "contrast": 0,
  "options": [
    null,
    null,
    "Take",
    null,
    null
  ],
  "interfaceOptions": [
    "Read",
    null,
    null,
    null,
    "Drop"
  ],
  "maleModel0": 39131,
  "maleModel1": -1,
  "maleModel2": -1,
  "maleOffset": 0,
  "maleHeadModel": -1,
  "maleHeadModel2": -1,
  "femaleModel0": 39131,
  "femaleModel1": -1,
  "femaleModel2": -1,
  "femaleOffset": 6,
  "femaleHeadModel": -1,
  "femaleHeadModel2": -1,
  "category": 0,
  "notedID": 26501,
  "notedTemplate": -1,
  "team": 0,
  "weight": 100,
  "shiftClickDropIndex": -2,
  "boughtId": -1,
  "boughtTemplateId": -1,
  "placeholderId": 26502,
  "placeholderTemplateId": -1,
  "params": {
    "295": 1
  }
}