{
  "id": 2655,
  "name": "Zamorak platelegs",
  "examine": "Rune platelegs in the colours of Zamorak.",
  "resizeX": 128,
  "resizeY": 128,
  "resizeZ": 128,
  "xan2d": 444,
  "yan2d": 0,
  "zan2d": 0,
  "cost": 64000,
  "isTradeable": true,
  "stackable": 0,
  "inventoryModel": 2582,
  "wearPos1": 7,
  "wearPos2": -1,
  "wearPos3": -1,
  "members": false,
  "colorFind": [
    61,
    41,
    57
  ],
  "colorReplace": [
    -29403,
    -28266,
    937
  ],
  "zoom2d": 1740,
  "xOffset2d": 0,
  "yOffset2d": -8,
  "ambient": 0,
  "contrast": 0,
  "options": [
    null,
    null,
    "Take",
    null,
    null
  ],
  "interfaceOptions": [
    null,
    "Wear",
    null,
    null,
    "Drop"
  ],
  "maleModel0": 268,
  "maleModel1": -1,
  "maleModel2": -1,
  "maleOffset": 0,
  "maleHeadModel": -1,
  "maleHeadModel2": -1,
  "femaleModel0": 432,
  "femaleModel1": -1,
  "femaleModel2": -1,
  "femaleOffset": 0,
  "femaleHeadModel": -1,
  "femaleHeadModel2": -1,
  "category": 8,
  "notedID": 2656,
  "notedTemplate": -1,
  "team": 0,
  "weight": 9071,
  "shiftClickDropIndex": -2,
  "boughtId": -1,
  "boughtTemplateId": -1,
  "placeholderId": 15801,
  "placeholderTemplateId": -1,
  "params": {
    "0": 0,
    "1": 0,
    "2": 0,
    "3": -21,
    "4": -11,
    "5": 51,
    "6": 49,
    "7": 47,
    "8": -4,
    "9": 49,
    "41": 1,
    "11": 1
  }
}