{
  "id": 26716,
  "name": "Armadyl chainskirt (or)",
  "examine": "A chainskirt of great craftsmanship.",
  "resizeX": 128,
  "resizeY": 128,
  "resizeZ": 128,
  "xan2d": 555,
  "yan2d": 2036,
  "zan2d": 0,
  "cost": 289900,
  "isTradeable": false,
  "stackable": 0,
  "inventoryModel": 45112,
  "wearPos1": 7,
  "wearPos2": -1,
  "wearPos3": -1,
  "members": true,
  "zoom2d": 1829,
  "xOffset2d": -1,
  "yOffset2d": 4,
  "ambient": 0,
  "contrast": 0,
  "options": [
    null,
    null,
    "Take",
    null,
    null
  ],
  "interfaceOptions": [
    null,
    "Wear",
    null,
    null,
    "Dismantle"
  ],
  "maleModel0": 44951,
  "maleModel1": -1,
  "maleModel2": -1,
  "maleOffset": 0,
  "maleHeadModel": -1,
  "maleHeadModel2": -1,
  "femaleModel0": 44984,
  "femaleModel1": -1,
  "femaleModel2": -1,
  "femaleOffset": 0,
  "femaleHeadModel": -1,
  "femaleHeadModel2": -1,
  "category": 8,
  "notedID": -1,
  "notedTemplate": -1,
  "team": 0,
  "weight": 1000,
  "shiftClickDropIndex": -2,
  "boughtId": -1,
  "boughtTemplateId": -1,
  "placeholderId": 27105,
  "placeholderTemplateId": -1,
  "params": {
    "0": -6,
    "1": -6,
    "2": -6,
    "3": -10,
    "4": 20,
    "5": 32,
    "6": 26,
    "7": 34,
    "8": 40,
    "9": 33,
    "11": 1
  }
}