{
  "id": 26777,
  "name": "Black mask (4) (i)",
  "examine": "A magic cave horror mask.",
  "resizeX": 128,
  "resizeY": 128,
  "resizeZ": 128,
  "xan2d": 387,
  "yan2d": 1892,
  "zan2d": 0,
  "cost": 3000,
  "isTradeable": false,
  "stackable": 0,
  "inventoryModel": 15615,
  "wearPos1": 0,
  "wearPos2": -1,
  "wearPos3": -1,
  "members": true,
  "zoom2d": 854,
  "xOffset2d": -1,
  "yOffset2d": 3,
  "ambient": 0,
  "contrast": 0,
  "options": [
    null,
    null,
    "Take",
    null,
    null
  ],
  "interfaceOptions": [
    null,
    "Wear",
    null,
    "Uncharge",
    "Drop"
  ],
  "maleModel0": 15935,
  "maleModel1": -1,
  "maleModel2": -1,
  "maleOffset": 0,
  "maleHeadModel": 15921,
  "maleHeadModel2": -1,
  "femaleModel0": 15946,
  "femaleModel1": -1,
  "femaleModel2": -1,
  "femaleOffset": 0,
  "femaleHeadModel": 15924,
  "femaleHeadModel2": -1,
  "category": 510,
  "notedID": -1,
  "notedTemplate": -1,
  "team": 0,
  "weight": 10000,
  "shiftClickDropIndex": -2,
  "boughtId": -1,
  "boughtTemplateId": -1,
  "placeholderId": -1,
  "placeholderTemplateId": -1,
  "params": {
    "0": 0,
    "1": 0,
    "2": 0,
    "3": 0,
    "4": 0,
    "5": 9,
    "6": 10,
    "7": 8,
    "8": -1,
    "9": 9,
    "11": 0
  }
}