{
  "id": 26782,
  "name": "Salve amulet(ei)",
  "examine": "Increases melee, ranged and magic damage \u0026 accuracy by 20% against the undead.",
  "resizeX": 128,
  "resizeY": 128,
  "resizeZ": 128,
  "xan2d": 172,
  "yan2d": 72,
  "zan2d": 0,
  "cost": 300,
  "isTradeable": false,
  "stackable": 0,
  "inventoryModel": 31956,
  "wearPos1": 2,
  "wearPos2": -1,
  "wearPos3": -1,
  "members": true,
  "colorFind": [
    -3504
  ],
  "colorReplace": [
    -25664
  ],
  "zoom2d": 440,
  "xOffset2d": 2,
  "yOffset2d": -18,
  "ambient": 0,
  "contrast": 0,
  "options": [
    null,
    null,
    "Take",
    null,
    null
  ],
  "interfaceOptions": [
    null,
    "Wear",
    null,
    "Uncharge",
    "Drop"
  ],
  "maleModel0": 20858,
  "maleModel1": -1,
  "maleModel2": -1,
  "maleOffset": 0,
  "maleHeadModel": -1,
  "maleHeadModel2": -1,
  "femaleModel0": 20864,
  "femaleModel1": -1,
  "femaleModel2": -1,
  "femaleOffset": 0,
  "femaleHeadModel": -1,
  "femaleHeadModel2": -1,
  "category": 0,
  "notedID": -1,
  "notedTemplate": -1,
  "team": 0,
  "weight": 7,
  "shiftClickDropIndex": -2,
  "boughtId": -1,
  "boughtTemplateId": -1,
  "placeholderId": 27140,
  "placeholderTemplateId": -1,
  "params": {
    "11": 3,
    "5": 3,
    "6": 3,
    "7": 3
  }
}