{
  "id": 26798,
  "name": "Catalytic talisman",
  "examine": "A mysterious power emanates from the talisman...",
  "resizeX": 128,
  "resizeY": 128,
  "resizeZ": 128,
  "xan2d": 334,
  "yan2d": 121,
  "zan2d": 0,
  "cost": 2000,
  "isTradeable": true,
  "stackable": 0,
  "inventoryModel": 43975,
  "wearPos1": -1,
  "wearPos2": -1,
  "wearPos3": -1,
  "members": true,
  "zoom2d": 1416,
  "xOffset2d": 2,
  "yOffset2d": 20,
  "ambient": 0,
  "contrast": 0,
  "options": [
    null,
    null,
    "Take",
    null,
    null
  ],
  "interfaceOptions": [
    null,
    null,
    null,
    "Locate",
    "Drop"
  ],
  "maleModel0": -1,
  "maleModel1": -1,
  "maleModel2": -1,
  "maleOffset": 0,
  "maleHeadModel": -1,
  "maleHeadModel2": -1,
  "femaleModel0": -1,
  "femaleModel1": -1,
  "femaleModel2": -1,
  "femaleOffset": 0,
  "femaleHeadModel": -1,
  "femaleHeadModel2": -1,
  "category": 0,
  "notedID": 26799,
  "notedTemplate": -1,
  "team": 0,
  "weight": 20,
  "shiftClickDropIndex": -2,
  "boughtId": -1,
  "boughtTemplateId": -1,
  "placeholderId": 26800,
  "placeholderTemplateId": -1
}