{
  "id": 27110,
  "name": "Mithril gloves (wrapped)",
  "examine": "A pair of nice gloves with wristwraps to enhance their qualities.",
  "resizeX": 128,
  "resizeY": 128,
  "resizeZ": 128,
  "xan2d": 609,
  "yan2d": 111,
  "zan2d": 0,
  "cost": 85000,
  "isTradeable": false,
  "stackable": 0,
  "inventoryModel": 45156,
  "wearPos1": 9,
  "wearPos2": -1,
  "wearPos3": -1,
  "members": true,
  "colorFind": [
    8656,
    10394
  ],
  "colorReplace": [
    -22239,
    -22239
  ],
  "zoom2d": 789,
  "xOffset2d": 0,
  "yOffset2d": -1,
  "ambient": 0,
  "contrast": 0,
  "options": [
    null,
    null,
    "Take",
    null,
    null
  ],
  "interfaceOptions": [
    null,
    "Wear",
    null,
    null,
    "Drop"
  ],
  "maleModel0": 44947,
  "maleModel1": -1,
  "maleModel2": -1,
  "maleOffset": 0,
  "maleHeadModel": -1,
  "maleHeadModel2": -1,
  "femaleModel0": 44981,
  "femaleModel1": -1,
  "femaleModel2": -1,
  "femaleOffset": 0,
  "femaleHeadModel": -1,
  "femaleHeadModel2": -1,
  "category": 16,
  "notedID": -1,
  "notedTemplate": -1,
  "team": 0,
  "weight": 250,
  "shiftClickDropIndex": -2,
  "boughtId": -1,
  "boughtTemplateId": -1,
  "placeholderId": -1,
  "placeholderTemplateId": -1,
  "params": {
    "0": 15,
    "1": 15,
    "2": 15,
    "3": 6,
    "579": 1,
    "4": 15,
    "5": 0,
    "613": 1,
    "6": 0,
    "614": 1,
    "7": 0,
    "295": 1,
    "8": 0,
    "9": 0,
    "10": 6,
    "434": 4,
    "435": 6,
    "436": 1,
    "437": 1,
    "1564": 9,
    "191": 2
  }
}