{
  "id": 27428,
  "name": "Hood of ruin",
  "examine": "A magical-looking hood.",
  "resizeX": 128,
  "resizeY": 128,
  "resizeZ": 128,
  "xan2d": 906,
  "yan2d": 1024,
  "zan2d": 1030,
  "cost": 1,
  "isTradeable": false,
  "stackable": 0,
  "inventoryModel": 46596,
  "wearPos1": 0,
  "wearPos2": 8,
  "wearPos3": -1,
  "members": false,
  "zoom2d": 878,
  "xOffset2d": 0,
  "yOffset2d": -36,
  "ambient": 0,
  "contrast": 0,
  "options": [
    null,
    null,
    "Take",
    null,
    null
  ],
  "interfaceOptions": [
    null,
    "Wear",
    null,
    null,
    "Destroy"
  ],
  "maleModel0": 46579,
  "maleModel1": -1,
  "maleModel2": -1,
  "maleOffset": 0,
  "maleHeadModel": 46593,
  "maleHeadModel2": 63,
  "femaleModel0": 46586,
  "femaleModel1": -1,
  "femaleModel2": -1,
  "femaleOffset": 0,
  "femaleHeadModel": 46593,
  "femaleHeadModel2": 120,
  "category": 0,
  "notedID": -1,
  "notedTemplate": -1,
  "team": 0,
  "weight": 453,
  "shiftClickDropIndex": -2,
  "boughtId": -1,
  "boughtTemplateId": -1,
  "placeholderId": 27429,
  "placeholderTemplateId": -1
}