{
  "id": 27458,
  "name": "Graceful gloves",
  "examine": "A sign of your grace.",
  "resizeX": 128,
  "resizeY": 128,
  "resizeZ": 128,
  "xan2d": 636,
  "yan2d": 2015,
  "zan2d": 0,
  "cost": 30,
  "isTradeable": false,
  "stackable": 0,
  "inventoryModel": 33174,
  "wearPos1": 9,
  "wearPos2": -1,
  "wearPos3": -1,
  "members": true,
  "colorFind": [
    10392,
    11055
  ],
  "colorReplace": [
    3484,
    4267
  ],
  "zoom2d": 592,
  "xOffset2d": 3,
  "yOffset2d": 3,
  "ambient": 0,
  "contrast": 0,
  "options": [
    null,
    null,
    "Take",
    null,
    null
  ],
  "interfaceOptions": [
    null,
    "Wear",
    null,
    null,
    "Drop"
  ],
  "maleModel0": 7207,
  "maleModel1": -1,
  "maleModel2": -1,
  "maleOffset": 0,
  "maleHeadModel": -1,
  "maleHeadModel2": -1,
  "femaleModel0": 33154,
  "femaleModel1": -1,
  "femaleModel2": -1,
  "femaleOffset": 0,
  "femaleHeadModel": -1,
  "femaleHeadModel2": -1,
  "category": 1429,
  "notedID": -1,
  "notedTemplate": -1,
  "team": 0,
  "weight": -3000,
  "shiftClickDropIndex": -2,
  "boughtId": -1,
  "boughtTemplateId": -1,
  "placeholderId": -1,
  "placeholderTemplateId": -1
}