{
  "id": 27578,
  "name": "Festive nutcracker boots",
  "examine": "Some festive nutcracker boots.",
  "resizeX": 128,
  "resizeY": 128,
  "resizeZ": 128,
  "xan2d": 103,
  "yan2d": 150,
  "zan2d": 0,
  "cost": 1,
  "isTradeable": false,
  "stackable": 0,
  "inventoryModel": 46937,
  "wearPos1": 10,
  "wearPos2": -1,
  "wearPos3": -1,
  "members": false,
  "zoom2d": 720,
  "xOffset2d": 1,
  "yOffset2d": -1,
  "ambient": 0,
  "contrast": 0,
  "options": [
    null,
    null,
    "Take",
    null,
    null
  ],
  "interfaceOptions": [
    null,
    "Wear",
    "Change-style",
    null,
    "Destroy"
  ],
  "maleModel0": 46850,
  "maleModel1": -1,
  "maleModel2": -1,
  "maleOffset": 0,
  "maleHeadModel": -1,
  "maleHeadModel2": -1,
  "femaleModel0": 46862,
  "femaleModel1": -1,
  "femaleModel2": -1,
  "femaleOffset": 0,
  "femaleHeadModel": -1,
  "femaleHeadModel2": -1,
  "category": 1742,
  "notedID": -1,
  "notedTemplate": -1,
  "team": 0,
  "weight": 300,
  "shiftClickDropIndex": -2,
  "boughtId": -1,
  "boughtTemplateId": -1,
  "placeholderId": 27579,
  "placeholderTemplateId": -1,
  "params": {
    "451": "Change-style",
    "295": 1
  }
}