{
  "id": 27660,
  "name": "Ursine chainmace",
  "examine": "An ancient and peculiar chainmace, corrupted by the power of Callisto.",
  "resizeX": 128,
  "resizeY": 128,
  "resizeZ": 128,
  "xan2d": 1495,
  "yan2d": 256,
  "zan2d": 0,
  "cost": 175000,
  "isTradeable": false,
  "stackable": 0,
  "inventoryModel": 47423,
  "wearPos1": 3,
  "wearPos2": -1,
  "wearPos3": -1,
  "members": true,
  "zoom2d": 1351,
  "xOffset2d": 8,
  "yOffset2d": -14,
  "ambient": 0,
  "contrast": 0,
  "options": [
    null,
    null,
    "Take",
    null,
    null
  ],
  "interfaceOptions": [
    null,
    "Wield",
    "Check",
    null,
    "Uncharge"
  ],
  "maleModel0": 47209,
  "maleModel1": -1,
  "maleModel2": -1,
  "maleOffset": 0,
  "maleHeadModel": -1,
  "maleHeadModel2": -1,
  "femaleModel0": 47209,
  "femaleModel1": -1,
  "femaleModel2": -1,
  "femaleOffset": 6,
  "femaleHeadModel": -1,
  "femaleHeadModel2": -1,
  "category": 39,
  "notedID": -1,
  "notedTemplate": -1,
  "team": 0,
  "weight": 2000,
  "shiftClickDropIndex": -2,
  "boughtId": -1,
  "boughtTemplateId": -1,
  "placeholderId": 27661,
  "placeholderTemplateId": -1,
  "params": {
    "0": 53,
    "1": -2,
    "2": 71,
    "3": 0,
    "451": "Check",
    "4": 0,
    "5": 0,
    "1733": "Ursine chainmace",
    "6": 1,
    "7": 0,
    "8": 0,
    "9": 0,
    "41": 1,
    "10": 74,
    "11": 2,
    "13": 0,
    "14": 4,
    "2257": 4346,
    "434": 0,
    "436": 70,
    "23": 70,
    "1564": 3
  }
}