{
  "id": 27703,
  "name": "Crystal legs (inactive)",
  "examine": "A bright, shiny set of leg armour.",
  "resizeX": 128,
  "resizeY": 128,
  "resizeZ": 128,
  "xan2d": 444,
  "yan2d": 0,
  "zan2d": 0,
  "cost": 1000000,
  "isTradeable": false,
  "stackable": 0,
  "inventoryModel": 38765,
  "wearPos1": 7,
  "wearPos2": -1,
  "wearPos3": -1,
  "members": true,
  "colorFind": [
    -27417,
    -27423,
    -32479,
    -32484,
    -32725,
    -32593
  ],
  "colorReplace": [
    545,
    540,
    530,
    652,
    278,
    406
  ],
  "zoom2d": 2168,
  "xOffset2d": 0,
  "yOffset2d": 0,
  "ambient": -30,
  "contrast": 0,
  "options": [
    null,
    null,
    "Take",
    null,
    null
  ],
  "interfaceOptions": [
    null,
    "Wear",
    null,
    "Revert",
    "Drop"
  ],
  "maleModel0": 38079,
  "maleModel1": -1,
  "maleModel2": -1,
  "maleOffset": 0,
  "maleHeadModel": -1,
  "maleHeadModel2": -1,
  "femaleModel0": 38203,
  "femaleModel1": -1,
  "femaleModel2": -1,
  "femaleOffset": 0,
  "femaleHeadModel": -1,
  "femaleHeadModel2": -1,
  "category": 8,
  "notedID": -1,
  "notedTemplate": -1,
  "team": 0,
  "weight": 1000,
  "shiftClickDropIndex": -2,
  "boughtId": -1,
  "boughtTemplateId": -1,
  "placeholderId": 27704,
  "placeholderTemplateId": -1,
  "params": {
    "0": 0,
    "1": 0,
    "2": 0,
    "3": 0,
    "4": 0,
    "5": 0,
    "6": 0,
    "7": 0,
    "8": 0,
    "9": 0,
    "11": 0
  }
}