{
  "id": 27806,
  "name": "Bob the cat slippers",
  "examine": "No cats were harmed in the making of these slippers.",
  "resizeX": 128,
  "resizeY": 128,
  "resizeZ": 128,
  "xan2d": 168,
  "yan2d": 126,
  "zan2d": 0,
  "cost": 1,
  "isTradeable": false,
  "stackable": 0,
  "inventoryModel": 47506,
  "wearPos1": 10,
  "wearPos2": -1,
  "wearPos3": -1,
  "members": false,
  "zoom2d": 848,
  "xOffset2d": 4,
  "yOffset2d": -12,
  "ambient": 0,
  "contrast": 0,
  "options": [
    null,
    null,
    "Take",
    null,
    null
  ],
  "interfaceOptions": [
    null,
    "Wear",
    null,
    "Change-style",
    "Destroy"
  ],
  "maleModel0": 47435,
  "maleModel1": -1,
  "maleModel2": -1,
  "maleOffset": 0,
  "maleHeadModel": -1,
  "maleHeadModel2": -1,
  "femaleModel0": 47442,
  "femaleModel1": -1,
  "femaleModel2": -1,
  "femaleOffset": 0,
  "femaleHeadModel": -1,
  "femaleHeadModel2": -1,
  "category": 1750,
  "notedID": -1,
  "notedTemplate": -1,
  "team": 0,
  "weight": 200,
  "shiftClickDropIndex": -2,
  "boughtId": -1,
  "boughtTemplateId": -1,
  "placeholderId": -1,
  "placeholderTemplateId": -1,
  "params": {
    "295": 1,
    "451": "Change-style"
  }
}