{
  "id": 27877,
  "name": "Nest hat",
  "examine": "People won\u0027t stop chicken you out.",
  "resizeX": 128,
  "resizeY": 128,
  "resizeZ": 128,
  "xan2d": 181,
  "yan2d": 1756,
  "zan2d": 0,
  "cost": 1,
  "isTradeable": false,
  "stackable": 0,
  "inventoryModel": 47629,
  "wearPos1": 0,
  "wearPos2": -1,
  "wearPos3": -1,
  "members": false,
  "zoom2d": 1208,
  "xOffset2d": -2,
  "yOffset2d": -14,
  "ambient": 0,
  "contrast": 0,
  "options": [
    null,
    null,
    "Take",
    null,
    null
  ],
  "interfaceOptions": [
    null,
    "Wear",
    null,
    "Change-style",
    "Destroy"
  ],
  "maleModel0": 47610,
  "maleModel1": -1,
  "maleModel2": -1,
  "maleOffset": 0,
  "maleHeadModel": 47639,
  "maleHeadModel2": -1,
  "femaleModel0": 47613,
  "femaleModel1": -1,
  "femaleModel2": -1,
  "femaleOffset": 0,
  "femaleHeadModel": 47640,
  "femaleHeadModel2": -1,
  "category": 1765,
  "notedID": -1,
  "notedTemplate": -1,
  "team": 0,
  "weight": 250,
  "shiftClickDropIndex": -2,
  "boughtId": -1,
  "boughtTemplateId": -1,
  "placeholderId": -1,
  "placeholderTemplateId": -1,
  "params": {
    "451": "Change-style",
    "295": 1
  }
}