{
  "id": 27928,
  "name": "Vesta\u0027s plateskirt (bh)(inactive)",
  "examine": "A powerful plateskirt, now inactive.",
  "resizeX": 128,
  "resizeY": 128,
  "resizeZ": 128,
  "xan2d": 562,
  "yan2d": 1,
  "zan2d": 0,
  "cost": 1,
  "isTradeable": false,
  "stackable": 0,
  "inventoryModel": 35988,
  "wearPos1": -1,
  "wearPos2": -1,
  "wearPos3": -1,
  "members": true,
  "zoom2d": 1753,
  "xOffset2d": 0,
  "yOffset2d": 5,
  "ambient": 0,
  "contrast": 0,
  "options": [
    null,
    null,
    "Take",
    null,
    null
  ],
  "interfaceOptions": [
    "Activate",
    null,
    null,
    null,
    "Drop"
  ],
  "maleModel0": -1,
  "maleModel1": -1,
  "maleModel2": -1,
  "maleOffset": 0,
  "maleHeadModel": -1,
  "maleHeadModel2": -1,
  "femaleModel0": -1,
  "femaleModel1": -1,
  "femaleModel2": -1,
  "femaleOffset": 0,
  "femaleHeadModel": -1,
  "femaleHeadModel2": -1,
  "category": 8,
  "notedID": -1,
  "notedTemplate": -1,
  "team": 0,
  "weight": 8164,
  "shiftClickDropIndex": -2,
  "boughtId": -1,
  "boughtTemplateId": -1,
  "placeholderId": 27929,
  "placeholderTemplateId": -1,
  "params": {
    "1733": "Vesta\u0027s Plateskirt",
    "295": 1
  }
}