{
  "id": 28730,
  "name": "Trailblazer reloaded trousers (t2)",
  "examine": "The trousers of a Trailblazer Reloaded Relic Hunter.",
  "resizeX": 128,
  "resizeY": 128,
  "resizeZ": 128,
  "xan2d": 572,
  "yan2d": 0,
  "zan2d": 0,
  "cost": 15000,
  "isTradeable": true,
  "stackable": 0,
  "inventoryModel": 50003,
  "wearPos1": 7,
  "wearPos2": -1,
  "wearPos3": -1,
  "members": true,
  "zoom2d": 1579,
  "xOffset2d": -1,
  "yOffset2d": -1,
  "ambient": 0,
  "contrast": 0,
  "options": [
    null,
    null,
    "Take",
    null,
    null
  ],
  "interfaceOptions": [
    null,
    "Wear",
    null,
    null,
    "Drop"
  ],
  "maleModel0": 49929,
  "maleModel1": -1,
  "maleModel2": -1,
  "maleOffset": 0,
  "maleHeadModel": -1,
  "maleHeadModel2": -1,
  "femaleModel0": 49946,
  "femaleModel1": -1,
  "femaleModel2": -1,
  "femaleOffset": 0,
  "femaleHeadModel": -1,
  "femaleHeadModel2": -1,
  "category": 0,
  "notedID": 28731,
  "notedTemplate": -1,
  "team": 0,
  "weight": 907,
  "shiftClickDropIndex": -2,
  "boughtId": -1,
  "boughtTemplateId": -1,
  "placeholderId": 28732,
  "placeholderTemplateId": -1,
  "params": {
    "916": 4,
    "295": 1
  }
}