{
  "id": 2902,
  "name": "Grey gloves",
  "examine": "These will keep my hands warm!",
  "resizeX": 128,
  "resizeY": 128,
  "resizeZ": 128,
  "xan2d": 420,
  "yan2d": 828,
  "zan2d": 0,
  "cost": 500,
  "isTradeable": true,
  "stackable": 0,
  "inventoryModel": 2649,
  "wearPos1": 9,
  "wearPos2": -1,
  "wearPos3": -1,
  "members": false,
  "colorFind": [
    10004,
    5532
  ],
  "colorReplace": [
    41,
    41
  ],
  "zoom2d": 930,
  "xOffset2d": 8,
  "yOffset2d": -8,
  "ambient": 0,
  "contrast": 0,
  "options": [
    null,
    null,
    "Take",
    null,
    null
  ],
  "interfaceOptions": [
    null,
    "Wear",
    null,
    null,
    "Drop"
  ],
  "maleModel0": 179,
  "maleModel1": -1,
  "maleModel2": -1,
  "maleOffset": 0,
  "maleHeadModel": -1,
  "maleHeadModel2": -1,
  "femaleModel0": 356,
  "femaleModel1": -1,
  "femaleModel2": -1,
  "femaleOffset": 0,
  "femaleHeadModel": -1,
  "femaleHeadModel2": -1,
  "category": 0,
  "notedID": 2903,
  "notedTemplate": -1,
  "team": 0,
  "weight": 453,
  "shiftClickDropIndex": -2,
  "boughtId": -1,
  "boughtTemplateId": -1,
  "placeholderId": 18834,
  "placeholderTemplateId": -1,
  "params": {
    "0": 0,
    "1": 0,
    "2": 0,
    "3": 0,
    "4": 0,
    "5": 0,
    "6": 1,
    "7": 2,
    "8": 0,
    "9": 0,
    "10": 0,
    "11": 0,
    "13": 0,
    "14": 0
  }
}