{
  "id": 29273,
  "name": "Enhanced quetzal whistle",
  "examine": "An enhanced quetzal whistle crafted from yew logs.",
  "resizeX": 128,
  "resizeY": 128,
  "resizeZ": 128,
  "xan2d": 137,
  "yan2d": 1779,
  "zan2d": 0,
  "cost": 10,
  "isTradeable": false,
  "stackable": 0,
  "inventoryModel": 52181,
  "wearPos1": -1,
  "wearPos2": -1,
  "wearPos3": -1,
  "members": true,
  "colorFind": [
    6587,
    6614,
    6693
  ],
  "colorReplace": [
    6682,
    6695,
    6798
  ],
  "zoom2d": 848,
  "xOffset2d": 0,
  "yOffset2d": -1,
  "ambient": 5,
  "contrast": 10,
  "options": [
    null,
    null,
    "Take",
    null,
    null
  ],
  "interfaceOptions": [
    "Signal",
    "Check",
    "Rumour",
    null,
    "Drop"
  ],
  "maleModel0": -1,
  "maleModel1": -1,
  "maleModel2": -1,
  "maleOffset": 0,
  "maleHeadModel": -1,
  "maleHeadModel2": -1,
  "femaleModel0": -1,
  "femaleModel1": -1,
  "femaleModel2": -1,
  "femaleOffset": 0,
  "femaleHeadModel": -1,
  "femaleHeadModel2": -1,
  "category": 1920,
  "notedID": -1,
  "notedTemplate": -1,
  "team": 0,
  "weight": 4,
  "shiftClickDropIndex": -2,
  "boughtId": -1,
  "boughtTemplateId": -1,
  "placeholderId": 29274,
  "placeholderTemplateId": -1
}