{
  "id": 29533,
  "name": "Suspect sketch",
  "examine": "A sketch of a suspect known as the Dark Squall.",
  "resizeX": 128,
  "resizeY": 128,
  "resizeZ": 128,
  "xan2d": 382,
  "yan2d": 67,
  "zan2d": 0,
  "cost": 30,
  "isTradeable": false,
  "stackable": 0,
  "inventoryModel": 53316,
  "wearPos1": -1,
  "wearPos2": -1,
  "wearPos3": -1,
  "members": true,
  "zoom2d": 900,
  "xOffset2d": 0,
  "yOffset2d": 1,
  "ambient": 15,
  "contrast": 0,
  "options": [
    null,
    null,
    "Take",
    null,
    null
  ],
  "interfaceOptions": [
    null,
    null,
    null,
    null,
    "Destroy"
  ],
  "maleModel0": -1,
  "maleModel1": -1,
  "maleModel2": -1,
  "maleOffset": 0,
  "maleHeadModel": -1,
  "maleHeadModel2": -1,
  "femaleModel0": -1,
  "femaleModel1": -1,
  "femaleModel2": -1,
  "femaleOffset": 0,
  "femaleHeadModel": -1,
  "femaleHeadModel2": -1,
  "category": 0,
  "notedID": -1,
  "notedTemplate": -1,
  "team": 0,
  "weight": 20,
  "shiftClickDropIndex": -2,
  "boughtId": -1,
  "boughtTemplateId": -1,
  "placeholderId": -1,
  "placeholderTemplateId": -1,
  "params": {
    "295": 1
  }
}