{
  "id": 29573,
  "name": "Lit explosive",
  "examine": "It\u0027s going to blow!",
  "resizeX": 200,
  "resizeY": 200,
  "resizeZ": 200,
  "xan2d": 112,
  "yan2d": 1948,
  "zan2d": 0,
  "cost": 0,
  "isTradeable": false,
  "stackable": 0,
  "inventoryModel": 4265,
  "wearPos1": -1,
  "wearPos2": -1,
  "wearPos3": -1,
  "members": true,
  "zoom2d": 1382,
  "xOffset2d": -2,
  "yOffset2d": -2,
  "ambient": 0,
  "contrast": 0,
  "options": [
    null,
    null,
    "Take",
    null,
    null
  ],
  "interfaceOptions": [
    null,
    null,
    null,
    null,
    "Drop"
  ],
  "maleModel0": -1,
  "maleModel1": -1,
  "maleModel2": -1,
  "maleOffset": 0,
  "maleHeadModel": -1,
  "maleHeadModel2": -1,
  "femaleModel0": -1,
  "femaleModel1": -1,
  "femaleModel2": -1,
  "femaleOffset": 0,
  "femaleHeadModel": -1,
  "femaleHeadModel2": -1,
  "category": 0,
  "notedID": -1,
  "notedTemplate": -1,
  "team": 0,
  "weight": 100,
  "shiftClickDropIndex": -2,
  "boughtId": -1,
  "boughtTemplateId": -1,
  "placeholderId": -1,
  "placeholderTemplateId": -1,
  "params": {
    "59": 1,
    "1951": 1
  }
}