{
  "id": 29973,
  "name": "Expert potion pack",
  "examine": "A pack of potions made by an expert alchemist.",
  "resizeX": 128,
  "resizeY": 128,
  "resizeZ": 128,
  "xan2d": 278,
  "yan2d": 135,
  "zan2d": 0,
  "cost": 400,
  "isTradeable": false,
  "stackable": 0,
  "inventoryModel": 54551,
  "wearPos1": -1,
  "wearPos2": -1,
  "wearPos3": -1,
  "members": true,
  "colorFind": [
    11080,
    22344,
    -31928,
    -6590,
    5551,
    5545,
    5561,
    5537,
    5532
  ],
  "colorReplace": [
    -31854,
    2524,
    28488,
    -15941,
    6598,
    6592,
    6614,
    6579,
    6589
  ],
  "zoom2d": 1050,
  "xOffset2d": 1,
  "yOffset2d": 93,
  "ambient": 0,
  "contrast": 0,
  "options": [
    null,
    null,
    "Take",
    null,
    null
  ],
  "interfaceOptions": [
    "Open",
    null,
    null,
    null,
    "Drop"
  ],
  "maleModel0": -1,
  "maleModel1": -1,
  "maleModel2": -1,
  "maleOffset": 0,
  "maleHeadModel": -1,
  "maleHeadModel2": -1,
  "femaleModel0": -1,
  "femaleModel1": -1,
  "femaleModel2": -1,
  "femaleOffset": 0,
  "femaleHeadModel": -1,
  "femaleHeadModel2": -1,
  "category": 2061,
  "notedID": -1,
  "notedTemplate": -1,
  "team": 0,
  "weight": 5150,
  "shiftClickDropIndex": -2,
  "boughtId": -1,
  "boughtTemplateId": -1,
  "placeholderId": -1,
  "placeholderTemplateId": -1,
  "params": {
    "1784": "\u003ccol\u003dffffff\u003eRequires level 85 Herblore.\u003c/col\u003e A pack of potions made by an expert alchemist.",
    "434": 15,
    "436": 85,
    "1733": "Expert Potion Pack",
    "295": 1
  }
}