{
  "id": 30057,
  "name": "Graceful gloves",
  "examine": "A sign of your grace.",
  "resizeX": 128,
  "resizeY": 128,
  "resizeZ": 128,
  "xan2d": 600,
  "yan2d": 1958,
  "zan2d": 0,
  "cost": 30,
  "isTradeable": false,
  "stackable": 0,
  "inventoryModel": 54584,
  "wearPos1": 9,
  "wearPos2": -1,
  "wearPos3": -1,
  "members": true,
  "zoom2d": 592,
  "xOffset2d": 1,
  "yOffset2d": 0,
  "ambient": 0,
  "contrast": 0,
  "options": [
    null,
    null,
    "Take",
    null,
    null
  ],
  "interfaceOptions": [
    null,
    "Wear",
    null,
    null,
    "Drop"
  ],
  "maleModel0": 55260,
  "maleModel1": -1,
  "maleModel2": -1,
  "maleOffset": 0,
  "maleHeadModel": -1,
  "maleHeadModel2": -1,
  "femaleModel0": 55123,
  "femaleModel1": -1,
  "femaleModel2": -1,
  "femaleOffset": 0,
  "femaleHeadModel": -1,
  "femaleHeadModel2": -1,
  "category": 1429,
  "notedID": -1,
  "notedTemplate": -1,
  "team": 0,
  "weight": 100,
  "shiftClickDropIndex": -2,
  "boughtId": -1,
  "boughtTemplateId": -1,
  "placeholderId": 30058,
  "placeholderTemplateId": -1,
  "params": {
    "1564": 9
  }
}