{
  "id": 30290,
  "name": "Dark green pumpkin (sad)",
  "examine": "That pumpkin is somewhat distressed.",
  "resizeX": 128,
  "resizeY": 128,
  "resizeZ": 128,
  "xan2d": 102,
  "yan2d": 84,
  "zan2d": 0,
  "cost": 1,
  "isTradeable": false,
  "stackable": 0,
  "inventoryModel": 55381,
  "wearPos1": 0,
  "wearPos2": 8,
  "wearPos3": 11,
  "members": false,
  "colorFind": [
    5555,
    5433,
    6466,
    6470,
    6472,
    5543,
    5409
  ],
  "colorReplace": [
    28562,
    28564,
    28554,
    28558,
    28554,
    27532,
    27524
  ],
  "zoom2d": 848,
  "xOffset2d": 2,
  "yOffset2d": -7,
  "ambient": 0,
  "contrast": 0,
  "options": [
    null,
    null,
    "Take",
    null,
    null
  ],
  "interfaceOptions": [
    null,
    "Wear",
    "Colour",
    "Carve",
    "Destroy"
  ],
  "maleModel0": 55448,
  "maleModel1": -1,
  "maleModel2": -1,
  "maleOffset": 0,
  "maleHeadModel": 55359,
  "maleHeadModel2": -1,
  "femaleModel0": 55430,
  "femaleModel1": -1,
  "femaleModel2": -1,
  "femaleOffset": 0,
  "femaleHeadModel": 55359,
  "femaleHeadModel2": -1,
  "category": 2129,
  "notedID": -1,
  "notedTemplate": -1,
  "team": 0,
  "weight": 500,
  "shiftClickDropIndex": -2,
  "boughtId": -1,
  "boughtTemplateId": -1,
  "placeholderId": -1,
  "placeholderTemplateId": -1,
  "params": {
    "452": "Carve",
    "451": "Colour",
    "295": 1
  }
}