{
  "id": 30644,
  "name": "Hunters\u0027 loot sack (supplies)",
  "examine": "I wonder what might be caught in this.",
  "resizeX": 128,
  "resizeY": 128,
  "resizeZ": 128,
  "xan2d": 54,
  "yan2d": 269,
  "zan2d": 54,
  "cost": 1,
  "isTradeable": false,
  "stackable": 1,
  "inventoryModel": 7508,
  "wearPos1": -1,
  "wearPos2": -1,
  "wearPos3": -1,
  "members": true,
  "colorFind": [
    6430,
    7467,
    6798,
    7223
  ],
  "colorReplace": [
    37,
    28,
    16,
    6445
  ],
  "zoom2d": 779,
  "xOffset2d": 3,
  "yOffset2d": 0,
  "ambient": 0,
  "contrast": 0,
  "options": [
    null,
    null,
    "Take",
    null,
    null
  ],
  "interfaceOptions": [
    "Open",
    null,
    null,
    null,
    "Destroy"
  ],
  "maleModel0": -1,
  "maleModel1": -1,
  "maleModel2": -1,
  "maleOffset": 0,
  "maleHeadModel": -1,
  "maleHeadModel2": -1,
  "femaleModel0": -1,
  "femaleModel1": -1,
  "femaleModel2": -1,
  "femaleOffset": 0,
  "femaleHeadModel": -1,
  "femaleHeadModel2": -1,
  "category": 1919,
  "notedID": -1,
  "notedTemplate": -1,
  "team": 0,
  "weight": 0,
  "shiftClickDropIndex": -2,
  "boughtId": -1,
  "boughtTemplateId": -1,
  "placeholderId": 30645,
  "placeholderTemplateId": -1,
  "params": {
    "295": 1
  }
}