{
  "id": 30872,
  "name": "",
  "examine": "",
  "resizeX": 128,
  "resizeY": 128,
  "resizeZ": 128,
  "xan2d": 356,
  "yan2d": 2012,
  "zan2d": 0,
  "cost": 1,
  "isTradeable": false,
  "stackable": 0,
  "inventoryModel": 596,
  "wearPos1": 3,
  "wearPos2": -1,
  "wearPos3": -1,
  "members": true,
  "zoom2d": 900,
  "xOffset2d": -3,
  "yOffset2d": -1,
  "ambient": 0,
  "contrast": 0,
  "options": [
    null,
    null,
    "Take",
    null,
    null
  ],
  "interfaceOptions": [
    null,
    null,
    null,
    null,
    "Drop"
  ],
  "maleModel0": 42016,
  "maleModel1": -1,
  "maleModel2": -1,
  "maleOffset": 0,
  "maleHeadModel": -1,
  "maleHeadModel2": -1,
  "femaleModel0": 42015,
  "femaleModel1": -1,
  "femaleModel2": -1,
  "femaleOffset": 0,
  "femaleHeadModel": -1,
  "femaleHeadModel2": -1,
  "category": 0,
  "notedID": -1,
  "notedTemplate": -1,
  "team": 0,
  "weight": 907,
  "shiftClickDropIndex": -2,
  "boughtId": -1,
  "boughtTemplateId": -1,
  "placeholderId": 30873,
  "placeholderTemplateId": -1,
  "params": {
    "59": 1
  }
}