{
  "id": 31040,
  "name": "Greenman mask (maple)",
  "examine": "Makes you feel at one with nature.",
  "resizeX": 128,
  "resizeY": 128,
  "resizeZ": 128,
  "xan2d": 465,
  "yan2d": 1791,
  "zan2d": 2046,
  "cost": 1,
  "isTradeable": false,
  "stackable": 0,
  "inventoryModel": 56700,
  "wearPos1": 0,
  "wearPos2": -1,
  "wearPos3": -1,
  "members": true,
  "zoom2d": 526,
  "xOffset2d": 7,
  "yOffset2d": -6,
  "ambient": 0,
  "contrast": 0,
  "options": [
    null,
    null,
    "Take",
    null,
    null
  ],
  "interfaceOptions": [
    null,
    "Wear",
    "Change-style",
    null,
    "Destroy"
  ],
  "maleModel0": 57299,
  "maleModel1": -1,
  "maleModel2": -1,
  "maleOffset": 0,
  "maleHeadModel": 56400,
  "maleHeadModel2": -1,
  "femaleModel0": 57227,
  "femaleModel1": -1,
  "femaleModel2": -1,
  "femaleOffset": 0,
  "femaleHeadModel": 56400,
  "femaleHeadModel2": -1,
  "category": 2180,
  "notedID": -1,
  "notedTemplate": -1,
  "team": 0,
  "weight": 100,
  "shiftClickDropIndex": -2,
  "boughtId": -1,
  "boughtTemplateId": -1,
  "placeholderId": -1,
  "placeholderTemplateId": -1,
  "params": {
    "451": "Change-style",
    "295": 1
  }
}