{
  "id": 31424,
  "name": "Purplefin",
  "examine": "It\u0027s a purplefin! I should get this stuffed!",
  "resizeX": 128,
  "resizeY": 128,
  "resizeZ": 128,
  "xan2d": 449,
  "yan2d": 3,
  "zan2d": 0,
  "cost": 6000,
  "isTradeable": false,
  "stackable": 0,
  "inventoryModel": 59493,
  "wearPos1": -1,
  "wearPos2": -1,
  "wearPos3": -1,
  "members": true,
  "zoom2d": 2116,
  "xOffset2d": 0,
  "yOffset2d": 3,
  "ambient": 0,
  "contrast": 0,
  "options": [
    null,
    null,
    "Take",
    null,
    null
  ],
  "interfaceOptions": [
    null,
    null,
    null,
    null,
    "Drop"
  ],
  "maleModel0": -1,
  "maleModel1": -1,
  "maleModel2": -1,
  "maleOffset": 0,
  "maleHeadModel": -1,
  "maleHeadModel2": -1,
  "femaleModel0": -1,
  "femaleModel1": -1,
  "femaleModel2": -1,
  "femaleOffset": 0,
  "femaleHeadModel": -1,
  "femaleHeadModel2": -1,
  "category": 481,
  "notedID": -1,
  "notedTemplate": -1,
  "team": 0,
  "weight": 700,
  "shiftClickDropIndex": -2,
  "boughtId": -1,
  "boughtTemplateId": -1,
  "placeholderId": 31425,
  "placeholderTemplateId": -1,
  "params": {
    "234": 31426
  }
}