{
  "id": 31583,
  "name": "Rosewood blowpipe",
  "examine": "Breath powered dart delivering system with a hint of rosewood.",
  "resizeX": 128,
  "resizeY": 128,
  "resizeZ": 128,
  "xan2d": 335,
  "yan2d": 240,
  "zan2d": 0,
  "cost": 4800,
  "isTradeable": false,
  "stackable": 0,
  "inventoryModel": 58134,
  "wearPos1": 3,
  "wearPos2": 5,
  "wearPos3": -1,
  "members": true,
  "colorFind": [
    4382,
    5409,
    5417,
    5425,
    5435,
    5444,
    5470,
    5572
  ],
  "colorReplace": [
    1436,
    1556,
    1436,
    1443,
    1566,
    1447,
    406,
    536
  ],
  "zoom2d": 1316,
  "xOffset2d": -3,
  "yOffset2d": 5,
  "ambient": 0,
  "contrast": 0,
  "options": [
    null,
    null,
    "Take",
    null,
    null
  ],
  "interfaceOptions": [
    null,
    "Wield",
    "Check",
    null,
    "Unload"
  ],
  "maleModel0": 59166,
  "maleModel1": -1,
  "maleModel2": -1,
  "maleOffset": 0,
  "maleHeadModel": -1,
  "maleHeadModel2": -1,
  "femaleModel0": 59167,
  "femaleModel1": -1,
  "femaleModel2": -1,
  "femaleOffset": 6,
  "femaleHeadModel": -1,
  "femaleHeadModel2": -1,
  "category": 24,
  "notedID": -1,
  "notedTemplate": -1,
  "team": 0,
  "weight": 500,
  "shiftClickDropIndex": -2,
  "boughtId": -1,
  "boughtTemplateId": -1,
  "placeholderId": 31584,
  "placeholderTemplateId": -1,
  "params": {
    "2432": 6,
    "434": 4,
    "451": "Check",
    "4": 22,
    "436": 65,
    "295": 1,
    "12": 6,
    "1564": 3,
    "13": 5,
    "14": 3,
    "2382": 1
  }
}