{
  "id": 31644,
  "name": "Extended stamina potion(2)",
  "examine": "2 doses of extended stamina potion.",
  "resizeX": 128,
  "resizeY": 128,
  "resizeZ": 128,
  "xan2d": 84,
  "yan2d": 1996,
  "zan2d": 0,
  "cost": 90,
  "isTradeable": true,
  "stackable": 0,
  "inventoryModel": 2384,
  "wearPos1": -1,
  "wearPos2": -1,
  "wearPos3": -1,
  "members": true,
  "colorFind": [
    61
  ],
  "colorReplace": [
    5689
  ],
  "zoom2d": 550,
  "xOffset2d": 0,
  "yOffset2d": -1,
  "ambient": 15,
  "contrast": 15,
  "options": [
    null,
    null,
    "Take",
    null,
    null
  ],
  "interfaceOptions": [
    "Drink",
    null,
    null,
    "Empty",
    "Drop"
  ],
  "maleModel0": -1,
  "maleModel1": -1,
  "maleModel2": -1,
  "maleOffset": 0,
  "maleHeadModel": -1,
  "maleHeadModel2": -1,
  "femaleModel0": -1,
  "femaleModel1": -1,
  "femaleModel2": -1,
  "femaleOffset": 0,
  "femaleHeadModel": -1,
  "femaleHeadModel2": -1,
  "category": 69,
  "notedID": 31645,
  "notedTemplate": -1,
  "team": 0,
  "weight": 30,
  "shiftClickDropIndex": -2,
  "boughtId": -1,
  "boughtTemplateId": -1,
  "placeholderId": 31646,
  "placeholderTemplateId": -1,
  "params": {
    "434": 15,
    "468": 71,
    "436": 85,
    "2382": 1
  }
}