{
  "id": 31854,
  "name": "Bottle of captain clop\u0027s mango gin",
  "examine": "There is a picture of a centaur on the bottle with four peg legs.",
  "resizeX": 128,
  "resizeY": 128,
  "resizeZ": 128,
  "xan2d": 86,
  "yan2d": 2002,
  "zan2d": 0,
  "cost": 50,
  "isTradeable": false,
  "stackable": 0,
  "inventoryModel": 57909,
  "wearPos1": -1,
  "wearPos2": -1,
  "wearPos3": -1,
  "members": true,
  "colorFind": [
    1942
  ],
  "colorReplace": [
    -22225
  ],
  "zoom2d": 842,
  "xOffset2d": -1,
  "yOffset2d": 1,
  "ambient": 0,
  "contrast": 0,
  "options": [
    null,
    null,
    "Take",
    null,
    null
  ],
  "interfaceOptions": [
    "Drink",
    null,
    null,
    null,
    "Destroy"
  ],
  "maleModel0": -1,
  "maleModel1": -1,
  "maleModel2": -1,
  "maleOffset": 0,
  "maleHeadModel": -1,
  "maleHeadModel2": -1,
  "femaleModel0": -1,
  "femaleModel1": -1,
  "femaleModel2": -1,
  "femaleOffset": 0,
  "femaleHeadModel": -1,
  "femaleHeadModel2": -1,
  "category": 2279,
  "notedID": -1,
  "notedTemplate": -1,
  "team": 0,
  "weight": 3,
  "shiftClickDropIndex": -2,
  "boughtId": -1,
  "boughtTemplateId": -1,
  "placeholderId": -1,
  "placeholderTemplateId": -1,
  "params": {
    "295": 1
  }
}