{
  "id": 31964,
  "name": "Repair kit",
  "examine": "A simple wooden boat repair kit.",
  "resizeX": 128,
  "resizeY": 128,
  "resizeZ": 128,
  "xan2d": 287,
  "yan2d": 1933,
  "zan2d": 0,
  "cost": 150,
  "isTradeable": true,
  "stackable": 0,
  "inventoryModel": 58078,
  "wearPos1": -1,
  "wearPos2": -1,
  "wearPos3": -1,
  "members": true,
  "colorFind": [
    28
  ],
  "colorReplace": [
    5652
  ],
  "zoom2d": 1724,
  "xOffset2d": 0,
  "yOffset2d": 7,
  "ambient": 25,
  "contrast": 0,
  "options": [
    null,
    null,
    "Take",
    null,
    null
  ],
  "interfaceOptions": [
    "Apply",
    null,
    null,
    null,
    "Drop"
  ],
  "maleModel0": -1,
  "maleModel1": -1,
  "maleModel2": -1,
  "maleOffset": 0,
  "maleHeadModel": -1,
  "maleHeadModel2": -1,
  "femaleModel0": -1,
  "femaleModel1": -1,
  "femaleModel2": -1,
  "femaleOffset": 0,
  "femaleHeadModel": -1,
  "femaleHeadModel2": -1,
  "category": 2280,
  "notedID": 31965,
  "notedTemplate": -1,
  "team": 0,
  "weight": 500,
  "shiftClickDropIndex": -2,
  "boughtId": -1,
  "boughtTemplateId": -1,
  "placeholderId": 31966,
  "placeholderTemplateId": -1,
  "params": {
    "436": 1,
    "434": 22
  }
}