{
  "id": 32305,
  "name": "Ironwood repair kit",
  "examine": "Ironwood repair kit",
  "resizeX": 128,
  "resizeY": 128,
  "resizeZ": 128,
  "xan2d": 287,
  "yan2d": 1933,
  "zan2d": 0,
  "cost": 4,
  "isTradeable": false,
  "stackable": 0,
  "inventoryModel": 58078,
  "wearPos1": -1,
  "wearPos2": -1,
  "wearPos3": -1,
  "members": false,
  "colorFind": [
    6707,
    7952,
    28
  ],
  "colorReplace": [
    2250,
    2227,
    -29403
  ],
  "zoom2d": 1724,
  "xOffset2d": 0,
  "yOffset2d": 7,
  "ambient": 25,
  "contrast": 0,
  "options": [
    null,
    null,
    "Take",
    null,
    null
  ],
  "interfaceOptions": [
    null,
    null,
    null,
    null,
    "Drop"
  ],
  "maleModel0": -1,
  "maleModel1": -1,
  "maleModel2": -1,
  "maleOffset": 0,
  "maleHeadModel": -1,
  "maleHeadModel2": -1,
  "femaleModel0": -1,
  "femaleModel1": -1,
  "femaleModel2": -1,
  "femaleOffset": 0,
  "femaleHeadModel": -1,
  "femaleHeadModel2": -1,
  "category": 0,
  "notedID": -1,
  "notedTemplate": -1,
  "team": 0,
  "weight": 0,
  "shiftClickDropIndex": -2,
  "boughtId": -1,
  "boughtTemplateId": -1,
  "placeholderId": -1,
  "placeholderTemplateId": -1,
  "params": {
    "436": 80,
    "434": 22,
    "23": 80
  }
}