{
  "id": 32692,
  "name": "Crate of swords",
  "examine": "A cargo crate of swords destined for Port Sarim.",
  "resizeX": 128,
  "resizeY": 128,
  "resizeZ": 128,
  "xan2d": 169,
  "yan2d": 181,
  "zan2d": 0,
  "cost": 0,
  "isTradeable": false,
  "stackable": 0,
  "inventoryModel": 57939,
  "wearPos1": 3,
  "wearPos2": 5,
  "wearPos3": -1,
  "members": true,
  "zoom2d": 1977,
  "xOffset2d": -1,
  "yOffset2d": -3,
  "ambient": 0,
  "contrast": 0,
  "options": [
    null,
    null,
    "Take",
    null,
    null
  ],
  "interfaceOptions": [
    null,
    null,
    null,
    null,
    "Drop"
  ],
  "maleModel0": 59200,
  "maleModel1": -1,
  "maleModel2": -1,
  "maleOffset": 0,
  "maleHeadModel": -1,
  "maleHeadModel2": -1,
  "femaleModel0": 59200,
  "femaleModel1": -1,
  "femaleModel2": -1,
  "femaleOffset": 6,
  "femaleHeadModel": -1,
  "femaleHeadModel2": -1,
  "category": 2294,
  "notedID": -1,
  "notedTemplate": -1,
  "team": 0,
  "weight": 1285,
  "shiftClickDropIndex": -2,
  "boughtId": -1,
  "boughtTemplateId": -1,
  "placeholderId": -1,
  "placeholderTemplateId": -1,
  "params": {
    "2504": 1,
    "295": 1,
    "59": 1
  }
}