{
  "id": 3277,
  "name": "null",
  "resizeX": 128,
  "resizeY": 128,
  "resizeZ": 128,
  "xan2d": 0,
  "yan2d": 0,
  "zan2d": 0,
  "cost": 1,
  "isTradeable": false,
  "stackable": 0,
  "inventoryModel": 16238,
  "wearPos1": -1,
  "wearPos2": -1,
  "wearPos3": -1,
  "members": false,
  "zoom2d": 2000,
  "xOffset2d": 0,
  "yOffset2d": 0,
  "ambient": 0,
  "contrast": 0,
  "options": [
    null,
    null,
    "Take",
    null,
    null
  ],
  "interfaceOptions": [
    null,
    null,
    null,
    null,
    "Drop"
  ],
  "maleModel0": -1,
  "maleModel1": -1,
  "maleModel2": -1,
  "maleOffset": 0,
  "maleHeadModel": -1,
  "maleHeadModel2": -1,
  "femaleModel0": -1,
  "femaleModel1": -1,
  "femaleModel2": -1,
  "femaleOffset": 0,
  "femaleHeadModel": -1,
  "femaleHeadModel2": -1,
  "category": 0,
  "notedID": -1,
  "notedTemplate": -1,
  "team": 0,
  "weight": 0,
  "shiftClickDropIndex": -2,
  "boughtId": -1,
  "boughtTemplateId": -1,
  "placeholderId": -1,
  "placeholderTemplateId": -1,
  "params": {
    "365": 558,
    "366": 1,
    "367": 557,
    "1935": 6,
    "336": 0,
    "368": 2,
    "369": 556,
    "370": 1,
    "2259": 1,
    "596": 14286862,
    "597": 19,
    "598": 69,
    "599": 2,
    "600": 1814,
    "601": "Earth Strike",
    "602": "A basic Earth missile",
    "603": 0,
    "604": 9,
    "2268": 10,
    "605": 0
  }
}