{
  "id": 3454,
  "name": "Bronze key purple",
  "examine": "A bronze key with a purple painted eyelet (Opens chests found in the Mort\u0027ton catacombs).",
  "resizeX": 128,
  "resizeY": 128,
  "resizeZ": 128,
  "xan2d": 420,
  "yan2d": 2040,
  "zan2d": 0,
  "cost": 85,
  "isTradeable": false,
  "stackable": 0,
  "inventoryModel": 4132,
  "wearPos1": -1,
  "wearPos2": -1,
  "wearPos3": -1,
  "members": true,
  "colorFind": [
    7120,
    -32700,
    960,
    22464,
    -21568
  ],
  "colorReplace": [
    5652,
    -13418,
    5652,
    5652,
    5652
  ],
  "zoom2d": 1050,
  "xOffset2d": 0,
  "yOffset2d": 2,
  "ambient": 0,
  "contrast": 0,
  "options": [
    null,
    null,
    "Take",
    null,
    null
  ],
  "interfaceOptions": [
    null,
    null,
    null,
    null,
    "Drop"
  ],
  "maleModel0": -1,
  "maleModel1": -1,
  "maleModel2": -1,
  "maleOffset": 0,
  "maleHeadModel": -1,
  "maleHeadModel2": -1,
  "femaleModel0": -1,
  "femaleModel1": -1,
  "femaleModel2": -1,
  "femaleOffset": 0,
  "femaleHeadModel": -1,
  "femaleHeadModel2": -1,
  "category": 112,
  "notedID": -1,
  "notedTemplate": -1,
  "team": 0,
  "weight": 10,
  "shiftClickDropIndex": -2,
  "boughtId": -1,
  "boughtTemplateId": -1,
  "placeholderId": 17620,
  "placeholderTemplateId": -1
}