{
  "id": 3832,
  "name": "Zamorak page 2",
  "examine": "This seems to have been torn from a book...",
  "resizeX": 128,
  "resizeY": 128,
  "resizeZ": 128,
  "xan2d": 400,
  "yan2d": 80,
  "zan2d": 0,
  "cost": 200,
  "isTradeable": true,
  "stackable": 1,
  "inventoryModel": 4508,
  "wearPos1": -1,
  "wearPos2": -1,
  "wearPos3": -1,
  "members": true,
  "colorFind": [
    90,
    86,
    82,
    78,
    74
  ],
  "colorReplace": [
    220,
    344,
    212,
    208,
    204
  ],
  "zoom2d": 680,
  "xOffset2d": 1,
  "yOffset2d": 5,
  "ambient": 0,
  "contrast": 0,
  "options": [
    null,
    null,
    "Take",
    null,
    null
  ],
  "interfaceOptions": [
    null,
    null,
    null,
    null,
    "Drop"
  ],
  "maleModel0": -1,
  "maleModel1": -1,
  "maleModel2": -1,
  "maleOffset": 0,
  "maleHeadModel": -1,
  "maleHeadModel2": -1,
  "femaleModel0": -1,
  "femaleModel1": -1,
  "femaleModel2": -1,
  "femaleOffset": 0,
  "femaleHeadModel": -1,
  "femaleHeadModel2": -1,
  "category": 759,
  "notedID": -1,
  "notedTemplate": -1,
  "team": 0,
  "weight": 0,
  "shiftClickDropIndex": -2,
  "boughtId": -1,
  "boughtTemplateId": -1,
  "placeholderId": 14421,
  "placeholderTemplateId": -1
}