{
  "id": 4361,
  "name": "Team-24 cape",
  "examine": "Ooohhh look at the pretty colours...",
  "resizeX": 128,
  "resizeY": 128,
  "resizeZ": 128,
  "xan2d": 364,
  "yan2d": 992,
  "zan2d": 0,
  "cost": 50,
  "isTradeable": true,
  "stackable": 0,
  "inventoryModel": 5608,
  "wearPos1": 1,
  "wearPos2": -1,
  "wearPos3": -1,
  "members": false,
  "colorFind": [
    7756,
    7845
  ],
  "colorReplace": [
    -25369,
    -25037
  ],
  "zoom2d": 2130,
  "xOffset2d": 3,
  "yOffset2d": 12,
  "ambient": 0,
  "contrast": 0,
  "options": [
    null,
    null,
    "Take",
    null,
    null
  ],
  "interfaceOptions": [
    null,
    "Wear",
    null,
    null,
    "Drop"
  ],
  "maleModel0": 5588,
  "maleModel1": -1,
  "maleModel2": -1,
  "maleOffset": 0,
  "maleHeadModel": -1,
  "maleHeadModel2": -1,
  "femaleModel0": 5598,
  "femaleModel1": -1,
  "femaleModel2": -1,
  "femaleOffset": 0,
  "femaleHeadModel": -1,
  "femaleHeadModel2": -1,
  "category": 560,
  "notedID": 4362,
  "notedTemplate": -1,
  "team": 24,
  "weight": 453,
  "shiftClickDropIndex": -2,
  "boughtId": -1,
  "boughtTemplateId": -1,
  "placeholderId": 18308,
  "placeholderTemplateId": -1,
  "params": {
    "9": 2,
    "258": 19,
    "6": 1,
    "7": 1
  }
}