{
  "id": 4470,
  "name": "Herb tea mix",
  "examine": "An unfinished herb tea made up of water, harralander and marrentill.",
  "resizeX": 128,
  "resizeY": 128,
  "resizeZ": 128,
  "xan2d": 156,
  "yan2d": 1980,
  "zan2d": 0,
  "cost": 15,
  "isTradeable": false,
  "stackable": 0,
  "inventoryModel": 2468,
  "wearPos1": -1,
  "wearPos2": -1,
  "wearPos3": -1,
  "members": true,
  "colorFind": [
    8101
  ],
  "colorReplace": [
    -31437
  ],
  "zoom2d": 500,
  "xOffset2d": -1,
  "yOffset2d": -2,
  "ambient": 0,
  "contrast": 0,
  "options": [
    null,
    null,
    "Take",
    null,
    null
  ],
  "interfaceOptions": [
    null,
    null,
    null,
    "Empty",
    "Drop"
  ],
  "maleModel0": -1,
  "maleModel1": -1,
  "maleModel2": -1,
  "maleOffset": 0,
  "maleHeadModel": -1,
  "maleHeadModel2": -1,
  "femaleModel0": -1,
  "femaleModel1": -1,
  "femaleModel2": -1,
  "femaleOffset": 0,
  "femaleHeadModel": -1,
  "femaleHeadModel2": -1,
  "category": 99,
  "notedID": 4471,
  "notedTemplate": -1,
  "team": 0,
  "weight": 50,
  "shiftClickDropIndex": -2,
  "boughtId": -1,
  "boughtTemplateId": -1,
  "placeholderId": -1,
  "placeholderTemplateId": -1
}