{
  "id": 4889,
  "name": "Dharok\u0027s greataxe 25",
  "examine": "Dharok the Wretched\u0027s greataxe.",
  "resizeX": 128,
  "resizeY": 128,
  "resizeZ": 128,
  "xan2d": 280,
  "yan2d": 2004,
  "zan2d": 0,
  "cost": 208000,
  "isTradeable": false,
  "stackable": 0,
  "inventoryModel": 6579,
  "wearPos1": 3,
  "wearPos2": 5,
  "wearPos3": -1,
  "members": true,
  "zoom2d": 1710,
  "xOffset2d": 0,
  "yOffset2d": 51,
  "ambient": 0,
  "contrast": 0,
  "options": [
    null,
    null,
    "Take",
    null,
    null
  ],
  "interfaceOptions": [
    null,
    "Wield",
    "Check",
    null,
    "Drop"
  ],
  "maleModel0": 6702,
  "maleModel1": -1,
  "maleModel2": -1,
  "maleOffset": 0,
  "maleHeadModel": -1,
  "maleHeadModel2": -1,
  "femaleModel0": 39606,
  "femaleModel1": -1,
  "femaleModel2": -1,
  "femaleOffset": 0,
  "femaleHeadModel": -1,
  "femaleHeadModel2": -1,
  "category": 35,
  "notedID": -1,
  "notedTemplate": -1,
  "team": 0,
  "weight": 3175,
  "shiftClickDropIndex": -2,
  "boughtId": -1,
  "boughtTemplateId": -1,
  "placeholderId": -1,
  "placeholderTemplateId": -1,
  "params": {
    "0": -4,
    "1": 103,
    "2": 95,
    "3": -4,
    "451": "Check",
    "9": -1,
    "346": 1,
    "10": 105,
    "14": 7
  }
}