{
  "id": 4904,
  "name": "Guthan\u0027s helm 100",
  "examine": "Guthan the Infested\u0027s helm.",
  "resizeX": 128,
  "resizeY": 128,
  "resizeZ": 128,
  "xan2d": 2012,
  "yan2d": 188,
  "zan2d": 0,
  "cost": 103000,
  "isTradeable": false,
  "stackable": 0,
  "inventoryModel": 6583,
  "wearPos1": 0,
  "wearPos2": 8,
  "wearPos3": 11,
  "members": true,
  "colorFind": [
    10394,
    6020
  ],
  "colorReplace": [
    10388,
    11140
  ],
  "zoom2d": 860,
  "xOffset2d": 17,
  "yOffset2d": 0,
  "ambient": 0,
  "contrast": 0,
  "options": [
    null,
    null,
    "Take",
    null,
    null
  ],
  "interfaceOptions": [
    null,
    "Wear",
    "Check",
    null,
    "Drop"
  ],
  "maleModel0": 6653,
  "maleModel1": -1,
  "maleModel2": -1,
  "maleOffset": 0,
  "maleHeadModel": 6570,
  "maleHeadModel2": -1,
  "femaleModel0": 6687,
  "femaleModel1": -1,
  "femaleModel2": -1,
  "femaleOffset": 0,
  "femaleHeadModel": 6575,
  "femaleHeadModel2": -1,
  "category": 2,
  "notedID": -1,
  "notedTemplate": -1,
  "team": 0,
  "weight": 2721,
  "shiftClickDropIndex": -2,
  "boughtId": -1,
  "boughtTemplateId": -1,
  "placeholderId": -1,
  "placeholderTemplateId": -1,
  "params": {
    "3": -6,
    "451": "Check",
    "4": -2,
    "5": 55,
    "6": 58,
    "7": 54,
    "8": -1,
    "9": 62,
    "346": 1
  }
}