{
  "id": 4976,
  "name": "Verac\u0027s helm 100",
  "examine": "Verac the Defiled\u0027s helm.",
  "resizeX": 128,
  "resizeY": 128,
  "resizeZ": 128,
  "xan2d": 28,
  "yan2d": 208,
  "zan2d": 0,
  "cost": 103000,
  "isTradeable": false,
  "stackable": 0,
  "inventoryModel": 6597,
  "wearPos1": 0,
  "wearPos2": 8,
  "wearPos3": 11,
  "members": true,
  "colorFind": [
    10411,
    10403,
    10394,
    10518,
    10514,
    10638
  ],
  "colorReplace": [
    10388,
    10512,
    10508,
    10760,
    11140,
    11138
  ],
  "zoom2d": 810,
  "xOffset2d": 5,
  "yOffset2d": 1,
  "ambient": 0,
  "contrast": 0,
  "options": [
    null,
    null,
    "Take",
    null,
    null
  ],
  "interfaceOptions": [
    null,
    "Wear",
    "Check",
    null,
    "Drop"
  ],
  "maleModel0": 6658,
  "maleModel1": -1,
  "maleModel2": -1,
  "maleOffset": 0,
  "maleHeadModel": 6573,
  "maleHeadModel2": -1,
  "femaleModel0": 6690,
  "femaleModel1": -1,
  "femaleModel2": -1,
  "femaleOffset": 0,
  "femaleHeadModel": 6573,
  "femaleHeadModel2": -1,
  "category": 2,
  "notedID": -1,
  "notedTemplate": -1,
  "team": 0,
  "weight": 1360,
  "shiftClickDropIndex": -2,
  "boughtId": -1,
  "boughtTemplateId": -1,
  "placeholderId": -1,
  "placeholderTemplateId": -1,
  "params": {
    "3": -6,
    "451": "Check",
    "4": -2,
    "5": 55,
    "6": 58,
    "7": 54,
    "9": 56,
    "346": 1,
    "11": 3
  }
}