{
  "id": 5004,
  "name": "Frog spawn",
  "examine": "That\u0027s disgusting!",
  "resizeX": 128,
  "resizeY": 128,
  "resizeZ": 128,
  "xan2d": 304,
  "yan2d": 1956,
  "zan2d": 0,
  "cost": 5,
  "isTradeable": false,
  "stackable": 0,
  "inventoryModel": 6855,
  "wearPos1": -1,
  "wearPos2": -1,
  "wearPos3": -1,
  "members": true,
  "zoom2d": 2000,
  "xOffset2d": -3,
  "yOffset2d": 0,
  "ambient": 0,
  "contrast": 0,
  "options": [
    null,
    null,
    "Take",
    null,
    null
  ],
  "interfaceOptions": [
    "Eat",
    null,
    null,
    null,
    "Drop"
  ],
  "maleModel0": -1,
  "maleModel1": -1,
  "maleModel2": -1,
  "maleOffset": 0,
  "maleHeadModel": -1,
  "maleHeadModel2": -1,
  "femaleModel0": -1,
  "femaleModel1": -1,
  "femaleModel2": -1,
  "femaleOffset": 0,
  "femaleHeadModel": -1,
  "femaleHeadModel2": -1,
  "category": 58,
  "notedID": -1,
  "notedTemplate": -1,
  "team": 0,
  "weight": 500,
  "shiftClickDropIndex": -2,
  "boughtId": -1,
  "boughtTemplateId": -1,
  "placeholderId": 15483,
  "placeholderTemplateId": -1
}