{
  "id": 5036,
  "name": "Trousers",
  "examine": "A pair of long dwarven trousers... long for dwarves, of course.",
  "resizeX": 128,
  "resizeY": 128,
  "resizeZ": 128,
  "xan2d": 500,
  "yan2d": 0,
  "zan2d": 0,
  "cost": 550,
  "isTradeable": true,
  "stackable": 0,
  "inventoryModel": 7081,
  "wearPos1": 7,
  "wearPos2": -1,
  "wearPos3": -1,
  "members": true,
  "colorFind": [
    9529
  ],
  "colorReplace": [
    10130
  ],
  "zoom2d": 980,
  "xOffset2d": 0,
  "yOffset2d": 2,
  "ambient": 0,
  "contrast": 0,
  "options": [
    null,
    null,
    "Take",
    null,
    null
  ],
  "interfaceOptions": [
    null,
    "Wear",
    null,
    null,
    "Drop"
  ],
  "maleModel0": 7002,
  "maleModel1": -1,
  "maleModel2": -1,
  "maleOffset": 0,
  "maleHeadModel": -1,
  "maleHeadModel2": -1,
  "femaleModel0": 7008,
  "femaleModel1": -1,
  "femaleModel2": -1,
  "femaleOffset": 0,
  "femaleHeadModel": -1,
  "femaleHeadModel2": -1,
  "category": 0,
  "notedID": 5037,
  "notedTemplate": -1,
  "team": 0,
  "weight": 1000,
  "shiftClickDropIndex": -2,
  "boughtId": -1,
  "boughtTemplateId": -1,
  "placeholderId": 18615,
  "placeholderTemplateId": -1
}