{
  "id": 5298,
  "name": "Avantoe seed",
  "examine": "An avantoe seed - plant in a herb patch.",
  "resizeX": 128,
  "resizeY": 128,
  "resizeZ": 128,
  "xan2d": 376,
  "yan2d": 1952,
  "zan2d": 0,
  "cost": 8,
  "isTradeable": true,
  "stackable": 1,
  "inventoryModel": 7201,
  "wearPos1": -1,
  "wearPos2": -1,
  "wearPos3": -1,
  "members": true,
  "zoom2d": 1010,
  "xOffset2d": 1,
  "yOffset2d": -1,
  "ambient": 0,
  "contrast": 0,
  "countCo": [
    2,
    3,
    4,
    5,
    0,
    0,
    0,
    0,
    0,
    0
  ],
  "countObj": [
    5224,
    5225,
    5226,
    5227,
    0,
    0,
    0,
    0,
    0,
    0
  ],
  "options": [
    null,
    null,
    "Take",
    null,
    null
  ],
  "interfaceOptions": [
    null,
    null,
    null,
    null,
    "Drop"
  ],
  "maleModel0": -1,
  "maleModel1": -1,
  "maleModel2": -1,
  "maleOffset": 0,
  "maleHeadModel": -1,
  "maleHeadModel2": -1,
  "femaleModel0": -1,
  "femaleModel1": -1,
  "femaleModel2": -1,
  "femaleOffset": 0,
  "femaleHeadModel": -1,
  "femaleHeadModel2": -1,
  "category": 20,
  "notedID": -1,
  "notedTemplate": -1,
  "team": 0,
  "weight": 0,
  "shiftClickDropIndex": -2,
  "boughtId": -1,
  "boughtTemplateId": -1,
  "placeholderId": 13772,
  "placeholderTemplateId": -1,
  "params": {
    "709": 3,
    "23": 50
  }
}