{
  "id": 54,
  "name": "Oak shortbow (u)",
  "examine": "An unstrung oak shortbow; I need a bowstring for this.",
  "resizeX": 128,
  "resizeY": 128,
  "resizeZ": 128,
  "xan2d": 508,
  "yan2d": 124,
  "zan2d": 0,
  "cost": 50,
  "isTradeable": true,
  "stackable": 0,
  "inventoryModel": 2435,
  "wearPos1": -1,
  "wearPos2": -1,
  "wearPos3": -1,
  "members": true,
  "colorFind": [
    6674
  ],
  "colorReplace": [
    8111
  ],
  "zoom2d": 1200,
  "xOffset2d": 7,
  "yOffset2d": 2,
  "ambient": 0,
  "contrast": 0,
  "options": [
    null,
    null,
    "Take",
    null,
    null
  ],
  "interfaceOptions": [
    null,
    null,
    null,
    null,
    "Drop"
  ],
  "maleModel0": 26610,
  "maleModel1": -1,
  "maleModel2": -1,
  "maleOffset": 0,
  "maleHeadModel": -1,
  "maleHeadModel2": -1,
  "femaleModel0": 26610,
  "femaleModel1": -1,
  "femaleModel2": -1,
  "femaleOffset": 6,
  "femaleHeadModel": -1,
  "femaleHeadModel2": -1,
  "category": 0,
  "notedID": 55,
  "notedTemplate": -1,
  "team": 0,
  "weight": 992,
  "shiftClickDropIndex": -2,
  "boughtId": -1,
  "boughtTemplateId": -1,
  "placeholderId": 18233,
  "placeholderTemplateId": -1,
  "params": {
    "436": 20,
    "434": 9,
    "2431": 7234
  }
}