{
  "id": 5504,
  "name": "Strawberry",
  "examine": "A freshly picked strawberry.",
  "resizeX": 128,
  "resizeY": 128,
  "resizeZ": 128,
  "xan2d": 128,
  "yan2d": 76,
  "zan2d": 0,
  "cost": 17,
  "isTradeable": true,
  "stackable": 0,
  "inventoryModel": 7307,
  "wearPos1": -1,
  "wearPos2": -1,
  "wearPos3": -1,
  "members": true,
  "zoom2d": 520,
  "xOffset2d": 0,
  "yOffset2d": 0,
  "ambient": 10,
  "contrast": 0,
  "options": [
    null,
    null,
    "Take",
    null,
    null
  ],
  "interfaceOptions": [
    "Eat",
    null,
    null,
    null,
    "Drop"
  ],
  "maleModel0": -1,
  "maleModel1": -1,
  "maleModel2": -1,
  "maleOffset": 0,
  "maleHeadModel": -1,
  "maleHeadModel2": -1,
  "femaleModel0": -1,
  "femaleModel1": -1,
  "femaleModel2": -1,
  "femaleOffset": 0,
  "femaleHeadModel": -1,
  "femaleHeadModel2": -1,
  "category": 86,
  "notedID": 5505,
  "notedTemplate": -1,
  "team": 0,
  "weight": 28,
  "shiftClickDropIndex": -2,
  "boughtId": -1,
  "boughtTemplateId": -1,
  "placeholderId": 13860,
  "placeholderTemplateId": -1
}