{
  "id": 5514,
  "name": "Giant pouch",
  "examine": "A giant-sized pouch used for storing essence.",
  "resizeX": 128,
  "resizeY": 128,
  "resizeZ": 128,
  "xan2d": 128,
  "yan2d": 0,
  "zan2d": 0,
  "cost": 1200,
  "isTradeable": false,
  "stackable": 0,
  "inventoryModel": 7508,
  "wearPos1": -1,
  "wearPos2": -1,
  "wearPos3": -1,
  "members": true,
  "zoom2d": 760,
  "xOffset2d": 0,
  "yOffset2d": 0,
  "ambient": 0,
  "contrast": 0,
  "options": [
    null,
    null,
    "Take",
    null,
    null
  ],
  "interfaceOptions": [
    "Fill",
    "Empty",
    "Check",
    null,
    "Drop"
  ],
  "maleModel0": -1,
  "maleModel1": -1,
  "maleModel2": -1,
  "maleOffset": 0,
  "maleHeadModel": -1,
  "maleHeadModel2": -1,
  "femaleModel0": -1,
  "femaleModel1": -1,
  "femaleModel2": -1,
  "femaleOffset": 0,
  "femaleHeadModel": -1,
  "femaleHeadModel2": -1,
  "category": 0,
  "notedID": -1,
  "notedTemplate": -1,
  "team": 0,
  "weight": 1000,
  "shiftClickDropIndex": 1,
  "boughtId": -1,
  "boughtTemplateId": -1,
  "placeholderId": 19241,
  "placeholderTemplateId": -1,
  "params": {
    "595": "Fill"
  }
}