{
  "id": 5637,
  "name": "Steel dart(p++)",
  "examine": "A deadly poisoned dart with a steel tip.",
  "resizeX": 128,
  "resizeY": 128,
  "resizeZ": 128,
  "xan2d": 396,
  "yan2d": 336,
  "zan2d": 0,
  "cost": 10,
  "isTradeable": true,
  "stackable": 1,
  "inventoryModel": 2454,
  "wearPos1": 3,
  "wearPos2": -1,
  "wearPos3": -1,
  "members": true,
  "colorFind": [
    82,
    22459
  ],
  "colorReplace": [
    61,
    13221
  ],
  "zoom2d": 720,
  "xOffset2d": 8,
  "yOffset2d": 11,
  "ambient": 0,
  "contrast": 0,
  "options": [
    null,
    null,
    "Take",
    null,
    null
  ],
  "interfaceOptions": [
    null,
    "Wield",
    null,
    null,
    "Drop"
  ],
  "maleModel0": 500,
  "maleModel1": -1,
  "maleModel2": -1,
  "maleOffset": 0,
  "maleHeadModel": -1,
  "maleHeadModel2": -1,
  "femaleModel0": 500,
  "femaleModel1": -1,
  "femaleModel2": -1,
  "femaleOffset": 6,
  "femaleHeadModel": -1,
  "femaleHeadModel2": -1,
  "category": 24,
  "notedID": -1,
  "notedTemplate": -1,
  "team": 0,
  "weight": 0,
  "shiftClickDropIndex": -2,
  "boughtId": -1,
  "boughtTemplateId": -1,
  "placeholderId": 14552,
  "placeholderTemplateId": -1,
  "params": {
    "4": 0,
    "12": 3,
    "13": 3,
    "14": 3,
    "23": 5
  }
}