{
  "id": 5700,
  "name": "Black dagger(p++)",
  "examine": "This dagger is poisoned.",
  "resizeX": 128,
  "resizeY": 128,
  "resizeZ": 128,
  "xan2d": 472,
  "yan2d": 1276,
  "zan2d": 0,
  "cost": 240,
  "isTradeable": true,
  "stackable": 0,
  "inventoryModel": 2478,
  "wearPos1": 3,
  "wearPos2": -1,
  "wearPos3": -1,
  "members": true,
  "colorFind": [
    61,
    37,
    74,
    103,
    22459
  ],
  "colorReplace": [
    8,
    11140,
    0,
    10388,
    13221
  ],
  "zoom2d": 760,
  "xOffset2d": 0,
  "yOffset2d": -4,
  "ambient": 0,
  "contrast": 0,
  "options": [
    null,
    null,
    "Take",
    null,
    null
  ],
  "interfaceOptions": [
    null,
    "Wield",
    null,
    null,
    "Drop"
  ],
  "maleModel0": 504,
  "maleModel1": -1,
  "maleModel2": -1,
  "maleOffset": 0,
  "maleHeadModel": -1,
  "maleHeadModel2": -1,
  "femaleModel0": 42621,
  "femaleModel1": -1,
  "femaleModel2": -1,
  "femaleOffset": 0,
  "femaleHeadModel": -1,
  "femaleHeadModel2": -1,
  "category": 25,
  "notedID": 5701,
  "notedTemplate": -1,
  "team": 0,
  "weight": 453,
  "shiftClickDropIndex": -2,
  "boughtId": -1,
  "boughtTemplateId": -1,
  "placeholderId": 14662,
  "placeholderTemplateId": -1,
  "params": {
    "0": 10,
    "1": 5,
    "2": -4,
    "3": 1,
    "4": 0,
    "5": 0,
    "6": 0,
    "7": 0,
    "8": 1,
    "9": 0,
    "10": 7,
    "11": 0,
    "13": 0,
    "14": 4
  }
}