{
  "id": 5704,
  "name": "Bronze spear(p+)",
  "examine": "A poisoned bronze tipped spear.",
  "resizeX": 128,
  "resizeY": 128,
  "resizeZ": 128,
  "xan2d": 1960,
  "yan2d": 112,
  "zan2d": 144,
  "cost": 26,
  "isTradeable": true,
  "stackable": 0,
  "inventoryModel": 2719,
  "wearPos1": 3,
  "wearPos2": 5,
  "wearPos3": -1,
  "members": true,
  "colorFind": [
    33,
    28
  ],
  "colorReplace": [
    13221,
    13221
  ],
  "zoom2d": 1490,
  "xOffset2d": 7,
  "yOffset2d": -4,
  "ambient": 0,
  "contrast": 0,
  "options": [
    null,
    null,
    "Take",
    null,
    null
  ],
  "interfaceOptions": [
    null,
    "Wield",
    null,
    null,
    "Drop"
  ],
  "maleModel0": 540,
  "maleModel1": -1,
  "maleModel2": -1,
  "maleOffset": 0,
  "maleHeadModel": -1,
  "maleHeadModel2": -1,
  "femaleModel0": 540,
  "femaleModel1": -1,
  "femaleModel2": -1,
  "femaleOffset": 6,
  "femaleHeadModel": -1,
  "femaleHeadModel2": -1,
  "category": 36,
  "notedID": 5705,
  "notedTemplate": -1,
  "team": 0,
  "weight": 2267,
  "shiftClickDropIndex": -2,
  "boughtId": -1,
  "boughtTemplateId": -1,
  "placeholderId": 14782,
  "placeholderTemplateId": -1,
  "params": {
    "0": 5,
    "1": 5,
    "2": 5,
    "3": 0,
    "4": 0,
    "5": 1,
    "6": 1,
    "7": 0,
    "8": 0,
    "9": 0,
    "10": 6,
    "11": 0,
    "13": 0,
    "14": 4,
    "701": 1
  }
}