{
  "id": 592,
  "name": "Ashes",
  "examine": "A heap of ashes.",
  "resizeX": 128,
  "resizeY": 128,
  "resizeZ": 128,
  "xan2d": 264,
  "yan2d": 1892,
  "zan2d": 0,
  "cost": 2,
  "isTradeable": true,
  "stackable": 0,
  "inventoryModel": 2742,
  "wearPos1": -1,
  "wearPos2": -1,
  "wearPos3": -1,
  "members": false,
  "colorFind": [
    82
  ],
  "colorReplace": [
    111
  ],
  "zoom2d": 1210,
  "xOffset2d": -6,
  "yOffset2d": 0,
  "ambient": 0,
  "contrast": 0,
  "options": [
    null,
    null,
    "Take",
    null,
    null
  ],
  "interfaceOptions": [
    null,
    null,
    null,
    null,
    "Drop"
  ],
  "maleModel0": -1,
  "maleModel1": -1,
  "maleModel2": -1,
  "maleOffset": 0,
  "maleHeadModel": -1,
  "maleHeadModel2": -1,
  "femaleModel0": -1,
  "femaleModel1": -1,
  "femaleModel2": -1,
  "femaleOffset": 0,
  "femaleHeadModel": -1,
  "femaleHeadModel2": -1,
  "category": 0,
  "notedID": 593,
  "notedTemplate": -1,
  "team": 0,
  "weight": 56,
  "shiftClickDropIndex": -2,
  "boughtId": -1,
  "boughtTemplateId": -1,
  "placeholderId": 18883,
  "placeholderTemplateId": -1
}