{
  "id": 5968,
  "name": "Tomatoes(5)",
  "examine": "A fruit basket filled with tomatoes.",
  "resizeX": 128,
  "resizeY": 128,
  "resizeZ": 128,
  "xan2d": 84,
  "yan2d": 1816,
  "zan2d": 0,
  "cost": 1,
  "isTradeable": true,
  "stackable": 0,
  "inventoryModel": 7758,
  "wearPos1": -1,
  "wearPos2": -1,
  "wearPos3": -1,
  "members": true,
  "zoom2d": 660,
  "xOffset2d": 0,
  "yOffset2d": -1,
  "ambient": 0,
  "contrast": 0,
  "options": [
    null,
    null,
    "Take",
    null,
    null
  ],
  "interfaceOptions": [
    "Fill",
    "Remove-one",
    "Empty",
    null,
    "Drop"
  ],
  "maleModel0": -1,
  "maleModel1": -1,
  "maleModel2": -1,
  "maleOffset": 0,
  "maleHeadModel": -1,
  "maleHeadModel2": -1,
  "femaleModel0": -1,
  "femaleModel1": -1,
  "femaleModel2": -1,
  "femaleOffset": 0,
  "femaleHeadModel": -1,
  "femaleHeadModel2": -1,
  "category": 143,
  "notedID": 5969,
  "notedTemplate": -1,
  "team": 0,
  "weight": 170,
  "shiftClickDropIndex": 2,
  "boughtId": -1,
  "boughtTemplateId": -1,
  "placeholderId": 13720,
  "placeholderTemplateId": -1
}