{
  "id": 5996,
  "name": "Asgarnian hops",
  "examine": "A handful of Asgarnian Hops.",
  "resizeX": 128,
  "resizeY": 128,
  "resizeZ": 128,
  "xan2d": 404,
  "yan2d": 120,
  "zan2d": 0,
  "cost": 5,
  "isTradeable": true,
  "stackable": 0,
  "inventoryModel": 7208,
  "wearPos1": -1,
  "wearPos2": -1,
  "wearPos3": -1,
  "members": true,
  "zoom2d": 750,
  "xOffset2d": 1,
  "yOffset2d": 10,
  "ambient": 20,
  "contrast": 0,
  "options": [
    null,
    null,
    "Take",
    null,
    null
  ],
  "interfaceOptions": [
    null,
    null,
    null,
    null,
    "Drop"
  ],
  "maleModel0": -1,
  "maleModel1": -1,
  "maleModel2": -1,
  "maleOffset": 0,
  "maleHeadModel": -1,
  "maleHeadModel2": -1,
  "femaleModel0": -1,
  "femaleModel1": -1,
  "femaleModel2": -1,
  "femaleOffset": 0,
  "femaleHeadModel": -1,
  "femaleHeadModel2": -1,
  "category": 0,
  "notedID": 5997,
  "notedTemplate": -1,
  "team": 0,
  "weight": 28,
  "shiftClickDropIndex": -2,
  "boughtId": -1,
  "boughtTemplateId": -1,
  "placeholderId": 13863,
  "placeholderTemplateId": -1
}