{
  "id": 6058,
  "name": "Hay sack",
  "examine": "This sack of hay has a bronze spear sticking through it.",
  "resizeX": 128,
  "resizeY": 128,
  "resizeZ": 128,
  "xan2d": 220,
  "yan2d": 260,
  "zan2d": 1892,
  "cost": 1,
  "isTradeable": false,
  "stackable": 0,
  "inventoryModel": 7301,
  "wearPos1": -1,
  "wearPos2": -1,
  "wearPos3": -1,
  "members": true,
  "zoom2d": 2500,
  "xOffset2d": -44,
  "yOffset2d": -236,
  "ambient": 15,
  "contrast": 0,
  "options": [
    null,
    null,
    "Take",
    null,
    null
  ],
  "interfaceOptions": [
    null,
    null,
    null,
    null,
    "Drop"
  ],
  "maleModel0": -1,
  "maleModel1": -1,
  "maleModel2": -1,
  "maleOffset": 0,
  "maleHeadModel": -1,
  "maleHeadModel2": -1,
  "femaleModel0": -1,
  "femaleModel1": -1,
  "femaleModel2": -1,
  "femaleOffset": 0,
  "femaleHeadModel": -1,
  "femaleHeadModel2": -1,
  "category": 0,
  "notedID": -1,
  "notedTemplate": -1,
  "team": 0,
  "weight": 113,
  "shiftClickDropIndex": -2,
  "boughtId": -1,
  "boughtTemplateId": -1,
  "placeholderId": 13824,
  "placeholderTemplateId": -1
}