{
  "id": 6184,
  "name": "Royal frog tunic",
  "examine": "Very posh!",
  "resizeX": 128,
  "resizeY": 128,
  "resizeZ": 128,
  "xan2d": 628,
  "yan2d": 0,
  "zan2d": 0,
  "cost": 0,
  "isTradeable": false,
  "stackable": 0,
  "inventoryModel": 7665,
  "wearPos1": 4,
  "wearPos2": 6,
  "wearPos3": -1,
  "members": false,
  "colorFind": [
    8741
  ],
  "colorReplace": [
    -17497
  ],
  "zoom2d": 1530,
  "xOffset2d": 0,
  "yOffset2d": 5,
  "ambient": 0,
  "contrast": 0,
  "options": [
    null,
    null,
    "Take",
    null,
    null
  ],
  "interfaceOptions": [
    null,
    "Wear",
    null,
    null,
    "Drop"
  ],
  "maleModel0": 7611,
  "maleModel1": 26630,
  "maleModel2": -1,
  "maleOffset": 0,
  "maleHeadModel": -1,
  "maleHeadModel2": -1,
  "femaleModel0": 53211,
  "femaleModel1": 487,
  "femaleModel2": -1,
  "femaleOffset": 0,
  "femaleHeadModel": -1,
  "femaleHeadModel2": -1,
  "category": 0,
  "notedID": -1,
  "notedTemplate": -1,
  "team": 0,
  "weight": 2721,
  "shiftClickDropIndex": -2,
  "boughtId": -1,
  "boughtTemplateId": -1,
  "placeholderId": 18073,
  "placeholderTemplateId": -1
}