{
  "id": 7319,
  "name": "Red boater",
  "examine": "Stylish!",
  "resizeX": 128,
  "resizeY": 128,
  "resizeZ": 128,
  "xan2d": 166,
  "yan2d": 1784,
  "zan2d": 1978,
  "cost": 225,
  "isTradeable": true,
  "stackable": 0,
  "inventoryModel": 11399,
  "wearPos1": 0,
  "wearPos2": -1,
  "wearPos3": -1,
  "members": true,
  "zoom2d": 724,
  "xOffset2d": 0,
  "yOffset2d": -11,
  "ambient": 0,
  "contrast": 0,
  "options": [
    null,
    null,
    "Take",
    null,
    null
  ],
  "interfaceOptions": [
    null,
    "Wear",
    null,
    null,
    "Drop"
  ],
  "maleModel0": 11330,
  "maleModel1": -1,
  "maleModel2": -1,
  "maleOffset": 0,
  "maleHeadModel": 11402,
  "maleHeadModel2": -1,
  "femaleModel0": 11353,
  "femaleModel1": -1,
  "femaleModel2": -1,
  "femaleOffset": 0,
  "femaleHeadModel": 11406,
  "femaleHeadModel2": -1,
  "category": 0,
  "notedID": 7320,
  "notedTemplate": -1,
  "team": 0,
  "weight": 10,
  "shiftClickDropIndex": -2,
  "boughtId": -1,
  "boughtTemplateId": -1,
  "placeholderId": 16008,
  "placeholderTemplateId": -1,
  "params": {
    "258": 11
  }
}