{
  "id": 7572,
  "name": "Red banana",
  "examine": "Like a banana only redder.",
  "resizeX": 128,
  "resizeY": 128,
  "resizeZ": 128,
  "xan2d": 280,
  "yan2d": 1944,
  "zan2d": 0,
  "cost": 5,
  "isTradeable": false,
  "stackable": 0,
  "inventoryModel": 2387,
  "wearPos1": 5,
  "wearPos2": -1,
  "wearPos3": -1,
  "members": true,
  "colorFind": [
    10952,
    10939,
    11055,
    11173
  ],
  "colorReplace": [
    2743,
    2867,
    2863,
    2987
  ],
  "zoom2d": 930,
  "xOffset2d": 9,
  "yOffset2d": 10,
  "ambient": 0,
  "contrast": 0,
  "options": [
    null,
    null,
    "Take",
    null,
    null
  ],
  "interfaceOptions": [
    "Eat",
    null,
    null,
    null,
    "Drop"
  ],
  "maleModel0": 3875,
  "maleModel1": -1,
  "maleModel2": -1,
  "maleOffset": 0,
  "maleHeadModel": -1,
  "maleHeadModel2": -1,
  "femaleModel0": 3875,
  "femaleModel1": -1,
  "femaleModel2": -1,
  "femaleOffset": 6,
  "femaleHeadModel": -1,
  "femaleHeadModel2": -1,
  "category": 86,
  "notedID": -1,
  "notedTemplate": -1,
  "team": 0,
  "weight": 28,
  "shiftClickDropIndex": -2,
  "boughtId": -1,
  "boughtTemplateId": -1,
  "placeholderId": 17356,
  "placeholderTemplateId": -1
}