{
  "id": 7645,
  "name": "Rod of ivandis (4)",
  "examine": "A partially charged rod.",
  "resizeX": 128,
  "resizeY": 128,
  "resizeZ": 128,
  "xan2d": 480,
  "yan2d": 88,
  "zan2d": 300,
  "cost": 1000,
  "isTradeable": false,
  "stackable": 0,
  "inventoryModel": 13957,
  "wearPos1": 3,
  "wearPos2": -1,
  "wearPos3": -1,
  "members": true,
  "colorFind": [
    -27566,
    -27578,
    -27587
  ],
  "colorReplace": [
    26706,
    24648,
    24640
  ],
  "zoom2d": 1838,
  "xOffset2d": 0,
  "yOffset2d": 0,
  "ambient": 0,
  "contrast": 0,
  "options": [
    null,
    null,
    "Take",
    null,
    null
  ],
  "interfaceOptions": [
    null,
    "Wield",
    null,
    null,
    "Drop"
  ],
  "maleModel0": 13946,
  "maleModel1": -1,
  "maleModel2": -1,
  "maleOffset": 0,
  "maleHeadModel": -1,
  "maleHeadModel2": -1,
  "femaleModel0": 13946,
  "femaleModel1": -1,
  "femaleModel2": -1,
  "femaleOffset": 0,
  "femaleHeadModel": -1,
  "femaleHeadModel2": -1,
  "category": 1,
  "notedID": -1,
  "notedTemplate": -1,
  "team": 0,
  "weight": 1,
  "shiftClickDropIndex": -2,
  "boughtId": -1,
  "boughtTemplateId": -1,
  "placeholderId": -1,
  "placeholderTemplateId": -1,
  "params": {
    "0": 0,
    "1": -1,
    "2": 7,
    "258": 42,
    "3": 4,
    "4": 0,
    "5": 2,
    "518": 2,
    "6": 3,
    "7": 1,
    "8": 4,
    "9": 0,
    "10": 3,
    "11": 0,
    "13": 0,
    "14": 5
  }
}