{
  "id": 7744,
  "name": "Asgarnian ale",
  "examine": "Probably the finest ale in Asgarnia.",
  "resizeX": 128,
  "resizeY": 128,
  "resizeZ": 128,
  "xan2d": 140,
  "yan2d": 1904,
  "zan2d": 0,
  "cost": 2,
  "isTradeable": false,
  "stackable": 0,
  "inventoryModel": 2491,
  "wearPos1": -1,
  "wearPos2": -1,
  "wearPos3": -1,
  "members": true,
  "colorFind": [
    7091,
    7116
  ],
  "colorReplace": [
    6059,
    5943
  ],
  "zoom2d": 660,
  "xOffset2d": -3,
  "yOffset2d": 2,
  "ambient": 0,
  "contrast": 0,
  "options": [
    null,
    null,
    "Take",
    null,
    null
  ],
  "interfaceOptions": [
    "Drink",
    null,
    null,
    null,
    "Drop"
  ],
  "maleModel0": 6098,
  "maleModel1": -1,
  "maleModel2": -1,
  "maleOffset": 0,
  "maleHeadModel": -1,
  "maleHeadModel2": -1,
  "femaleModel0": 6098,
  "femaleModel1": -1,
  "femaleModel2": -1,
  "femaleOffset": 0,
  "femaleHeadModel": -1,
  "femaleHeadModel2": -1,
  "category": 0,
  "notedID": 7745,
  "notedTemplate": -1,
  "team": 0,
  "weight": 550,
  "shiftClickDropIndex": -2,
  "boughtId": -1,
  "boughtTemplateId": -1,
  "placeholderId": -1,
  "placeholderTemplateId": -1,
  "params": {
    "468": 44,
    "59": 1
  }
}