{
  "id": 8315,
  "name": "Mahogany armchair",
  "examine": "Mahogany armchair",
  "resizeX": 128,
  "resizeY": 128,
  "resizeZ": 128,
  "xan2d": 123,
  "yan2d": 1883,
  "zan2d": 0,
  "cost": 1,
  "isTradeable": false,
  "stackable": 0,
  "inventoryModel": 12444,
  "wearPos1": -1,
  "wearPos2": -1,
  "wearPos3": -1,
  "members": false,
  "colorFind": [
    12393
  ],
  "colorReplace": [
    -21581
  ],
  "zoom2d": 3152,
  "xOffset2d": 0,
  "yOffset2d": -9,
  "ambient": 0,
  "contrast": 0,
  "options": [
    null,
    null,
    "Take",
    null,
    null
  ],
  "interfaceOptions": [
    null,
    null,
    null,
    null,
    "Drop"
  ],
  "maleModel0": -1,
  "maleModel1": -1,
  "maleModel2": -1,
  "maleOffset": 0,
  "maleHeadModel": -1,
  "maleHeadModel2": -1,
  "femaleModel0": -1,
  "femaleModel1": -1,
  "femaleModel2": -1,
  "femaleOffset": 0,
  "femaleHeadModel": -1,
  "femaleHeadModel2": -1,
  "category": 206,
  "notedID": -1,
  "notedTemplate": -1,
  "team": 0,
  "weight": 3200,
  "shiftClickDropIndex": -2,
  "boughtId": -1,
  "boughtTemplateId": -1,
  "placeholderId": -1,
  "placeholderTemplateId": -1,
  "params": {
    "23": 50
  }
}