{
  "id": 892,
  "name": "Rune arrow",
  "examine": "Arrows with rune heads.",
  "resizeX": 128,
  "resizeY": 128,
  "resizeZ": 128,
  "xan2d": 216,
  "yan2d": 100,
  "zan2d": 0,
  "cost": 400,
  "isTradeable": true,
  "stackable": 1,
  "inventoryModel": 2711,
  "wearPos1": 13,
  "wearPos2": -1,
  "wearPos3": -1,
  "members": true,
  "colorFind": [
    61,
    57
  ],
  "colorReplace": [
    -29403,
    -29403
  ],
  "zoom2d": 1220,
  "xOffset2d": 6,
  "yOffset2d": -29,
  "ambient": 0,
  "contrast": 0,
  "countCo": [
    2,
    3,
    4,
    5,
    0,
    0,
    0,
    0,
    0,
    0
  ],
  "countObj": [
    936,
    935,
    934,
    937,
    0,
    0,
    0,
    0,
    0,
    0
  ],
  "options": [
    null,
    null,
    "Take",
    null,
    null
  ],
  "interfaceOptions": [
    null,
    "Wield",
    null,
    null,
    "Drop"
  ],
  "maleModel0": -1,
  "maleModel1": -1,
  "maleModel2": -1,
  "maleOffset": 0,
  "maleHeadModel": -1,
  "maleHeadModel2": -1,
  "femaleModel0": -1,
  "femaleModel1": -1,
  "femaleModel2": -1,
  "femaleOffset": 0,
  "femaleHeadModel": -1,
  "femaleHeadModel2": -1,
  "category": 62,
  "notedID": -1,
  "notedTemplate": -1,
  "team": 0,
  "weight": 0,
  "shiftClickDropIndex": -2,
  "boughtId": -1,
  "boughtTemplateId": -1,
  "placeholderId": 14577,
  "placeholderTemplateId": -1,
  "params": {
    "852": 285,
    "23": 40,
    "1562": 3,
    "1563": 40,
    "1564": 13,
    "12": 49,
    "2431": 7220
  }
}