{
  "id": 9048,
  "name": "Pharaoh\u0027s sceptre",
  "examine": "An ancient and powerful sceptre.",
  "resizeX": 128,
  "resizeY": 128,
  "resizeZ": 128,
  "xan2d": 285,
  "yan2d": 1508,
  "zan2d": 0,
  "cost": 100,
  "isTradeable": false,
  "stackable": 0,
  "inventoryModel": 16379,
  "wearPos1": 3,
  "wearPos2": -1,
  "wearPos3": -1,
  "members": true,
  "zoom2d": 1744,
  "xOffset2d": -1,
  "yOffset2d": 46,
  "ambient": 0,
  "contrast": 0,
  "options": [
    null,
    null,
    "Take",
    null,
    null
  ],
  "interfaceOptions": [
    "Convert",
    null,
    null,
    null,
    "Drop"
  ],
  "maleModel0": 16348,
  "maleModel1": -1,
  "maleModel2": -1,
  "maleOffset": 0,
  "maleHeadModel": -1,
  "maleHeadModel2": -1,
  "femaleModel0": 39613,
  "femaleModel1": -1,
  "femaleModel2": -1,
  "femaleOffset": 0,
  "femaleHeadModel": -1,
  "femaleHeadModel2": -1,
  "category": 0,
  "notedID": -1,
  "notedTemplate": -1,
  "team": 0,
  "weight": 2000,
  "shiftClickDropIndex": -2,
  "boughtId": -1,
  "boughtTemplateId": -1,
  "placeholderId": -1,
  "placeholderTemplateId": -1,
  "params": {
    "295": 1
  }
}