{
  "id": 9057,
  "name": "Green goblin mail",
  "examine": "Some green armour designed to fit goblins.",
  "resizeX": 128,
  "resizeY": 128,
  "resizeZ": 128,
  "xan2d": 611,
  "yan2d": 0,
  "zan2d": 0,
  "cost": 40,
  "isTradeable": false,
  "stackable": 0,
  "inventoryModel": 24514,
  "wearPos1": 4,
  "wearPos2": -1,
  "wearPos3": -1,
  "members": false,
  "colorFind": [
    6798,
    6550
  ],
  "colorReplace": [
    22292,
    22172
  ],
  "zoom2d": 1244,
  "xOffset2d": -1,
  "yOffset2d": 0,
  "ambient": 0,
  "contrast": 0,
  "options": [
    null,
    null,
    "Take",
    null,
    null
  ],
  "interfaceOptions": [
    null,
    "Wear",
    null,
    null,
    "Drop"
  ],
  "maleModel0": -1,
  "maleModel1": -1,
  "maleModel2": -1,
  "maleOffset": 0,
  "maleHeadModel": -1,
  "maleHeadModel2": -1,
  "femaleModel0": -1,
  "femaleModel1": -1,
  "femaleModel2": -1,
  "femaleOffset": 0,
  "femaleHeadModel": -1,
  "femaleHeadModel2": -1,
  "category": 528,
  "notedID": -1,
  "notedTemplate": -1,
  "team": 0,
  "weight": 3628,
  "shiftClickDropIndex": -2,
  "boughtId": -1,
  "boughtTemplateId": -1,
  "placeholderId": 16425,
  "placeholderTemplateId": -1
}