{
  "id": 9300,
  "name": "Blurite bolts (p++)",
  "examine": "Super poisoned blurite bolts.",
  "resizeX": 128,
  "resizeY": 128,
  "resizeZ": 128,
  "xan2d": 477,
  "yan2d": 117,
  "zan2d": 0,
  "cost": 2,
  "isTradeable": false,
  "stackable": 1,
  "inventoryModel": 16862,
  "wearPos1": 13,
  "wearPos2": -1,
  "wearPos3": -1,
  "members": true,
  "colorFind": [
    5537,
    5532,
    5656,
    5652
  ],
  "colorReplace": [
    -22303,
    -22050,
    -22054,
    -21674
  ],
  "zoom2d": 720,
  "xOffset2d": 3,
  "yOffset2d": 5,
  "ambient": 0,
  "contrast": 0,
  "countCo": [
    2,
    3,
    4,
    5,
    0,
    0,
    0,
    0,
    0,
    0
  ],
  "countObj": [
    9307,
    9308,
    9309,
    9310,
    0,
    0,
    0,
    0,
    0,
    0
  ],
  "options": [
    null,
    null,
    "Take",
    null,
    null
  ],
  "interfaceOptions": [
    null,
    "Wield",
    null,
    null,
    "Drop"
  ],
  "maleModel0": -1,
  "maleModel1": -1,
  "maleModel2": -1,
  "maleOffset": 0,
  "maleHeadModel": -1,
  "maleHeadModel2": -1,
  "femaleModel0": -1,
  "femaleModel1": -1,
  "femaleModel2": -1,
  "femaleOffset": 0,
  "femaleHeadModel": -1,
  "femaleHeadModel2": -1,
  "category": 63,
  "notedID": -1,
  "notedTemplate": -1,
  "team": 0,
  "weight": 0,
  "shiftClickDropIndex": -2,
  "boughtId": -1,
  "boughtTemplateId": -1,
  "placeholderId": 15136,
  "placeholderTemplateId": -1,
  "params": {
    "12": 28,
    "23": 16
  }
}