{
  "id": 9485,
  "name": "Half made batta",
  "examine": "This veg batta needs baking and garnishing with equa leaves.",
  "resizeX": 128,
  "resizeY": 128,
  "resizeZ": 128,
  "xan2d": 236,
  "yan2d": 136,
  "zan2d": 0,
  "cost": 2,
  "isTradeable": false,
  "stackable": 0,
  "inventoryModel": 17109,
  "wearPos1": -1,
  "wearPos2": -1,
  "wearPos3": -1,
  "members": true,
  "colorFind": [
    8642
  ],
  "colorReplace": [
    6829
  ],
  "zoom2d": 780,
  "xOffset2d": 1,
  "yOffset2d": 32,
  "ambient": 0,
  "contrast": 0,
  "options": [
    null,
    null,
    "Take",
    null,
    null
  ],
  "interfaceOptions": [
    null,
    null,
    null,
    null,
    "Drop"
  ],
  "maleModel0": -1,
  "maleModel1": -1,
  "maleModel2": -1,
  "maleOffset": 0,
  "maleHeadModel": -1,
  "maleHeadModel2": -1,
  "femaleModel0": -1,
  "femaleModel1": -1,
  "femaleModel2": -1,
  "femaleOffset": 0,
  "femaleHeadModel": -1,
  "femaleHeadModel2": -1,
  "category": 535,
  "notedID": -1,
  "notedTemplate": -1,
  "team": 0,
  "weight": 250,
  "shiftClickDropIndex": -2,
  "boughtId": -1,
  "boughtTemplateId": -1,
  "placeholderId": 19003,
  "placeholderTemplateId": -1
}