{
  "id": 9640,
  "name": "Citizen top",
  "examine": "Ghetto disguise!",
  "resizeX": 128,
  "resizeY": 128,
  "resizeZ": 128,
  "xan2d": 369,
  "yan2d": 111,
  "zan2d": 0,
  "cost": 5,
  "isTradeable": true,
  "stackable": 0,
  "inventoryModel": 18020,
  "wearPos1": 4,
  "wearPos2": 6,
  "wearPos3": -1,
  "members": true,
  "colorFind": [
    21526,
    8741,
    4550
  ],
  "colorReplace": [
    8720,
    8720,
    94
  ],
  "zoom2d": 1380,
  "xOffset2d": 1,
  "yOffset2d": 8,
  "ambient": 0,
  "contrast": 0,
  "options": [
    null,
    null,
    "Take",
    null,
    null
  ],
  "interfaceOptions": [
    null,
    "Wear",
    null,
    null,
    "Drop"
  ],
  "maleModel0": 28515,
  "maleModel1": 18074,
  "maleModel2": -1,
  "maleOffset": 0,
  "maleHeadModel": -1,
  "maleHeadModel2": -1,
  "femaleModel0": 8849,
  "femaleModel1": 18104,
  "femaleModel2": -1,
  "femaleOffset": 0,
  "femaleHeadModel": -1,
  "femaleHeadModel2": -1,
  "category": 7,
  "notedID": 9641,
  "notedTemplate": -1,
  "team": 0,
  "weight": 907,
  "shiftClickDropIndex": -2,
  "boughtId": -1,
  "boughtTemplateId": -1,
  "placeholderId": 16671,
  "placeholderTemplateId": -1,
  "params": {
    "6": 2,
    "7": 2
  }
}