{
  "id": 9825,
  "name": "Mahogany costume box",
  "examine": "Mahogany fancy dress box",
  "resizeX": 128,
  "resizeY": 128,
  "resizeZ": 128,
  "xan2d": 216,
  "yan2d": 1921,
  "zan2d": 0,
  "cost": 1,
  "isTradeable": false,
  "stackable": 0,
  "inventoryModel": 19011,
  "wearPos1": -1,
  "wearPos2": -1,
  "wearPos3": -1,
  "members": false,
  "zoom2d": 3449,
  "xOffset2d": -18,
  "yOffset2d": -100,
  "ambient": 15,
  "contrast": 15,
  "options": [
    null,
    null,
    "Take",
    null,
    null
  ],
  "interfaceOptions": [
    null,
    null,
    null,
    null,
    "Drop"
  ],
  "maleModel0": -1,
  "maleModel1": -1,
  "maleModel2": -1,
  "maleOffset": 0,
  "maleHeadModel": -1,
  "maleHeadModel2": -1,
  "femaleModel0": -1,
  "femaleModel1": -1,
  "femaleModel2": -1,
  "femaleOffset": 0,
  "femaleHeadModel": -1,
  "femaleHeadModel2": -1,
  "category": 206,
  "notedID": -1,
  "notedTemplate": -1,
  "team": 0,
  "weight": 1,
  "shiftClickDropIndex": -2,
  "boughtId": -1,
  "boughtTemplateId": -1,
  "placeholderId": -1,
  "placeholderTemplateId": -1,
  "params": {
    "23": 80
  }
}